file,line,type,commit,author,date,time,timezone,datetime,depth,length
src\app.html,1,html,070e6cd3,JoãoGabriel,2025-04-24,15:24:37,-03:00,2025-04-24T15:24:37-03:00,0,14
src\app.html,2,html,070e6cd3,JoãoGabriel,2025-04-24,15:24:37,-03:00,2025-04-24T15:24:37-03:00,0,15
src\app.html,3,html,070e6cd3,JoãoGabriel,2025-04-24,15:24:37,-03:00,2025-04-24T15:24:37-03:00,1,5
src\app.html,4,html,070e6cd3,JoãoGabriel,2025-04-24,15:24:37,-03:00,2025-04-24T15:24:37-03:00,2,23
src\app.html,5,html,070e6cd3,JoãoGabriel,2025-04-24,15:24:37,-03:00,2025-04-24T15:24:37-03:00,2,56
src\app.html,6,html,070e6cd3,JoãoGabriel,2025-04-24,15:24:37,-03:00,2025-04-24T15:24:37-03:00,2,52
src\app.html,7,html,070e6cd3,JoãoGabriel,2025-04-24,15:24:37,-03:00,2025-04-24T15:24:37-03:00,2,15
src\app.html,8,html,070e6cd3,JoãoGabriel,2025-04-24,15:24:37,-03:00,2025-04-24T15:24:37-03:00,2,19
src\app.html,9,html,070e6cd3,JoãoGabriel,2025-04-24,15:24:37,-03:00,2025-04-24T15:24:37-03:00,2,60
src\app.html,10,html,070e6cd3,JoãoGabriel,2025-04-24,15:24:37,-03:00,2025-04-24T15:24:37-03:00,2,65
src\app.html,11,html,070e6cd3,JoãoGabriel,2025-04-24,15:24:37,-03:00,2025-04-24T15:24:37-03:00,1,6
src\app.html,12,html,070e6cd3,JoãoGabriel,2025-04-24,15:24:37,-03:00,2025-04-24T15:24:37-03:00,1,41
src\app.html,13,html,070e6cd3,JoãoGabriel,2025-04-24,15:24:37,-03:00,2025-04-24T15:24:37-03:00,2,52
src\app.html,14,html,070e6cd3,JoãoGabriel,2025-04-24,15:24:37,-03:00,2025-04-24T15:24:37-03:00,1,6
src\app.html,15,html,070e6cd3,JoãoGabriel,2025-04-24,15:24:37,-03:00,2025-04-24T15:24:37-03:00,0,6
src\routes\+page.svelte,1,svelte,070e6cd3,JoãoGabriel,2025-04-24,15:24:37,-03:00,2025-04-24T15:24:37-03:00,0,7
src\routes\+page.svelte,2,js,e72ea19e,Vinasque,2025-04-28,18:47:00,-03:00,2025-04-28T18:47:00-03:00,0,80
src\routes\+page.svelte,3,svelte,070e6cd3,JoãoGabriel,2025-04-24,15:24:37,-03:00,2025-04-24T15:24:37-03:00,0,8
src\routes\+page.svelte,4,svelte,070e6cd3,JoãoGabriel,2025-04-24,15:24:37,-03:00,2025-04-24T15:24:37-03:00,0,0
src\routes\+page.svelte,5,svelte,070e6cd3,JoãoGabriel,2025-04-24,15:24:37,-03:00,2025-04-24T15:24:37-03:00,0,12
src\routes\+page.svelte,6,svelte,e72ea19e,Vinasque,2025-04-28,18:47:00,-03:00,2025-04-28T18:47:00-03:00,0,35
src\routes\+page.svelte,7,svelte,070e6cd3,JoãoGabriel,2025-04-24,15:24:37,-03:00,2025-04-24T15:24:37-03:00,0,13
src\routes\+page.svelte,8,svelte,171e7888,Vinasque,2025-04-25,11:20:52,-03:00,2025-04-25T11:20:52-03:00,0,0
src\routes\+page.svelte,9,svelte,e72ea19e,Vinasque,2025-04-28,18:47:00,-03:00,2025-04-28T18:47:00-03:00,0,31
src\routes\+page.svelte,10,svelte,e72ea19e,Vinasque,2025-04-28,18:47:00,-03:00,2025-04-28T18:47:00-03:00,0,20
src\routes\+page.svelte,11,svelte,e72ea19e,Vinasque,2025-04-28,18:47:00,-03:00,2025-04-28T18:47:00-03:00,0,22
src\routes\+page.svelte,12,svelte,e72ea19e,Vinasque,2025-04-28,18:47:00,-03:00,2025-04-28T18:47:00-03:00,0,60
src\routes\+page.svelte,13,svelte,7adb5105,Gustyper,2025-04-29,03:07:15,-03:00,2025-04-29T03:07:15-03:00,0,59
src\routes\+page.svelte,14,svelte,e72ea19e,Vinasque,2025-04-28,18:47:00,-03:00,2025-04-28T18:47:00-03:00,0,5
src\routes\+page.svelte,15,svelte,e72ea19e,Vinasque,2025-04-28,18:47:00,-03:00,2025-04-28T18:47:00-03:00,0,9
src\routes\+page.svelte,16,svelte,070e6cd3,JoãoGabriel,2025-04-24,15:24:37,-03:00,2025-04-24T15:24:37-03:00,0,0
src\routes\+page.svelte,17,svelte,070e6cd3,JoãoGabriel,2025-04-24,15:24:37,-03:00,2025-04-24T15:24:37-03:00,0,6
src\routes\+page.svelte,18,css,e72ea19e,Vinasque,2025-04-28,18:47:00,-03:00,2025-04-28T18:47:00-03:00,0,16
src\routes\+page.svelte,19,css,e72ea19e,Vinasque,2025-04-28,18:47:00,-03:00,2025-04-28T18:47:00-03:00,0,13
src\routes\+page.svelte,20,css,e72ea19e,Vinasque,2025-04-28,18:47:00,-03:00,2025-04-28T18:47:00-03:00,0,19
src\routes\+page.svelte,21,css,e72ea19e,Vinasque,2025-04-28,18:47:00,-03:00,2025-04-28T18:47:00-03:00,0,23
src\routes\+page.svelte,22,css,52e13a63,JoãoGabriel,2025-04-28,20:46:36,-03:00,2025-04-28T20:46:36-03:00,0,12
src\routes\+page.svelte,23,css,e72ea19e,Vinasque,2025-04-28,18:47:00,-03:00,2025-04-28T18:47:00-03:00,0,61
src\routes\+page.svelte,24,css,e72ea19e,Vinasque,2025-04-28,18:47:00,-03:00,2025-04-28T18:47:00-03:00,0,12
src\routes\+page.svelte,25,css,e72ea19e,Vinasque,2025-04-28,18:47:00,-03:00,2025-04-28T18:47:00-03:00,0,18
src\routes\+page.svelte,26,css,e72ea19e,Vinasque,2025-04-28,18:47:00,-03:00,2025-04-28T18:47:00-03:00,0,0
src\routes\+page.svelte,27,css,070e6cd3,JoãoGabriel,2025-04-24,15:24:37,-03:00,2025-04-24T15:24:37-03:00,0,0
src\routes\+page.svelte,28,css,e72ea19e,Vinasque,2025-04-28,18:47:00,-03:00,2025-04-28T18:47:00-03:00,0,9
src\routes\+page.svelte,29,css,e72ea19e,Vinasque,2025-04-28,18:47:00,-03:00,2025-04-28T18:47:00-03:00,0,13
src\routes\+page.svelte,30,css,e72ea19e,Vinasque,2025-04-28,18:47:00,-03:00,2025-04-28T18:47:00-03:00,0,22
src\routes\+page.svelte,31,css,e72ea19e,Vinasque,2025-04-28,18:47:00,-03:00,2025-04-28T18:47:00-03:00,0,19
src\routes\+page.svelte,32,css,e72ea19e,Vinasque,2025-04-28,18:47:00,-03:00,2025-04-28T18:47:00-03:00,0,9
src\routes\+page.svelte,33,css,e72ea19e,Vinasque,2025-04-28,18:47:00,-03:00,2025-04-28T18:47:00-03:00,0,0
src\routes\+page.svelte,34,css,e72ea19e,Vinasque,2025-04-28,18:47:00,-03:00,2025-04-28T18:47:00-03:00,0,0
src\routes\+page.svelte,35,css,e72ea19e,Vinasque,2025-04-28,18:47:00,-03:00,2025-04-28T18:47:00-03:00,0,3
src\routes\+page.svelte,36,css,e72ea19e,Vinasque,2025-04-28,18:47:00,-03:00,2025-04-28T18:47:00-03:00,0,15
src\routes\+page.svelte,37,css,e72ea19e,Vinasque,2025-04-28,18:47:00,-03:00,2025-04-28T18:47:00-03:00,0,21
src\routes\+page.svelte,38,css,e72ea19e,Vinasque,2025-04-28,18:47:00,-03:00,2025-04-28T18:47:00-03:00,0,0
src\routes\+page.svelte,39,css,e72ea19e,Vinasque,2025-04-28,18:47:00,-03:00,2025-04-28T18:47:00-03:00,0,0
src\routes\+page.svelte,40,css,e72ea19e,Vinasque,2025-04-28,18:47:00,-03:00,2025-04-28T18:47:00-03:00,0,2
src\routes\+page.svelte,41,css,e72ea19e,Vinasque,2025-04-28,18:47:00,-03:00,2025-04-28T18:47:00-03:00,0,17
src\routes\+page.svelte,42,css,e72ea19e,Vinasque,2025-04-28,18:47:00,-03:00,2025-04-28T18:47:00-03:00,0,16
src\routes\+page.svelte,43,css,e72ea19e,Vinasque,2025-04-28,18:47:00,-03:00,2025-04-28T18:47:00-03:00,0,0
src\routes\+page.svelte,44,css,e72ea19e,Vinasque,2025-04-28,18:47:00,-03:00,2025-04-28T18:47:00-03:00,0,0
src\routes\+page.svelte,45,css,e72ea19e,Vinasque,2025-04-28,18:47:00,-03:00,2025-04-28T18:47:00-03:00,0,14
src\routes\+page.svelte,46,css,e72ea19e,Vinasque,2025-04-28,18:47:00,-03:00,2025-04-28T18:47:00-03:00,0,16
src\routes\+page.svelte,47,css,e72ea19e,Vinasque,2025-04-28,18:47:00,-03:00,2025-04-28T18:47:00-03:00,0,18
src\routes\+page.svelte,48,css,e72ea19e,Vinasque,2025-04-28,18:47:00,-03:00,2025-04-28T18:47:00-03:00,0,25
src\routes\+page.svelte,49,css,e72ea19e,Vinasque,2025-04-28,18:47:00,-03:00,2025-04-28T18:47:00-03:00,0,14
src\routes\+page.svelte,50,css,e72ea19e,Vinasque,2025-04-28,18:47:00,-03:00,2025-04-28T18:47:00-03:00,0,25
src\routes\+page.svelte,51,css,e72ea19e,Vinasque,2025-04-28,18:47:00,-03:00,2025-04-28T18:47:00-03:00,0,21
src\routes\+page.svelte,52,css,e72ea19e,Vinasque,2025-04-28,18:47:00,-03:00,2025-04-28T18:47:00-03:00,0,17
src\routes\+page.svelte,53,css,e72ea19e,Vinasque,2025-04-28,18:47:00,-03:00,2025-04-28T18:47:00-03:00,0,25
src\routes\+page.svelte,54,css,e72ea19e,Vinasque,2025-04-28,18:47:00,-03:00,2025-04-28T18:47:00-03:00,0,21
src\routes\+page.svelte,55,css,e72ea19e,Vinasque,2025-04-28,18:47:00,-03:00,2025-04-28T18:47:00-03:00,0,0
src\routes\+page.svelte,56,css,e72ea19e,Vinasque,2025-04-28,18:47:00,-03:00,2025-04-28T18:47:00-03:00,0,0
src\routes\+page.svelte,57,css,e72ea19e,Vinasque,2025-04-28,18:47:00,-03:00,2025-04-28T18:47:00-03:00,0,20
src\routes\+page.svelte,58,css,e72ea19e,Vinasque,2025-04-28,18:47:00,-03:00,2025-04-28T18:47:00-03:00,0,25
src\routes\+page.svelte,59,css,e72ea19e,Vinasque,2025-04-28,18:47:00,-03:00,2025-04-28T18:47:00-03:00,0,14
src\routes\+page.svelte,60,css,e72ea19e,Vinasque,2025-04-28,18:47:00,-03:00,2025-04-28T18:47:00-03:00,0,0
src\routes\+page.svelte,61,svelte,e72ea19e,Vinasque,2025-04-28,18:47:00,-03:00,2025-04-28T18:47:00-03:00,0,7
src\routes\+layout.svelte,1,svelte,070e6cd3,JoãoGabriel,2025-04-24,15:24:37,-03:00,2025-04-24T15:24:37-03:00,0,7
src\routes\+layout.svelte,2,js,958416f5,JoãoGabriel,2025-04-27,12:45:05,-03:00,2025-04-27T12:45:05-03:00,0,34
src\routes\+layout.svelte,3,js,070e6cd3,JoãoGabriel,2025-04-24,15:24:37,-03:00,2025-04-24T15:24:37-03:00,0,33
src\routes\+layout.svelte,4,js,070e6cd3,JoãoGabriel,2025-04-24,15:24:37,-03:00,2025-04-24T15:24:37-03:00,0,0
src\routes\+layout.svelte,5,js,958416f5,JoãoGabriel,2025-04-27,12:45:05,-03:00,2025-04-27T12:45:05-03:00,0,12
src\routes\+layout.svelte,6,js,02d17769,Gustyper,2025-04-29,01:57:21,-03:00,2025-04-29T01:57:21-03:00,0,27
src\routes\+layout.svelte,7,js,02d17769,Gustyper,2025-04-29,01:57:21,-03:00,2025-04-29T01:57:21-03:00,0,33
src\routes\+layout.svelte,8,js,958416f5,JoãoGabriel,2025-04-27,12:45:05,-03:00,2025-04-27T12:45:05-03:00,0,82
src\routes\+layout.svelte,9,js,958416f5,JoãoGabriel,2025-04-27,12:45:05,-03:00,2025-04-27T12:45:05-03:00,0,1
src\routes\+layout.svelte,10,js,958416f5,JoãoGabriel,2025-04-27,12:45:05,-03:00,2025-04-27T12:45:05-03:00,0,0
src\routes\+layout.svelte,11,js,9ce79269,Vinasque,2025-04-28,18:15:43,-03:00,2025-04-28T18:15:43-03:00,0,32
src\routes\+layout.svelte,12,js,9ce79269,Vinasque,2025-04-28,18:15:43,-03:00,2025-04-28T18:15:43-03:00,0,31
src\routes\+layout.svelte,13,js,070e6cd3,JoãoGabriel,2025-04-24,15:24:37,-03:00,2025-04-24T15:24:37-03:00,0,0
src\routes\+layout.svelte,14,js,9ce79269,Vinasque,2025-04-28,18:15:43,-03:00,2025-04-28T18:15:43-03:00,0,25
src\routes\+layout.svelte,15,js,9ce79269,Vinasque,2025-04-28,18:15:43,-03:00,2025-04-28T18:15:43-03:00,0,0
src\routes\+layout.svelte,16,js,9ce79269,Vinasque,2025-04-28,18:15:43,-03:00,2025-04-28T18:15:43-03:00,0,41
src\routes\+layout.svelte,17,js,9ce79269,Vinasque,2025-04-28,18:15:43,-03:00,2025-04-28T18:15:43-03:00,0,60
src\routes\+layout.svelte,18,js,9ce79269,Vinasque,2025-04-28,18:15:43,-03:00,2025-04-28T18:15:43-03:00,0,0
src\routes\+layout.svelte,19,js,958416f5,JoãoGabriel,2025-04-27,12:45:05,-03:00,2025-04-27T12:45:05-03:00,0,0
src\routes\+layout.svelte,20,js,9ce79269,Vinasque,2025-04-28,18:15:43,-03:00,2025-04-28T18:15:43-03:00,0,22
src\routes\+layout.svelte,21,js,9ce79269,Vinasque,2025-04-28,18:15:43,-03:00,2025-04-28T18:15:43-03:00,0,37
src\routes\+layout.svelte,22,js,9ce79269,Vinasque,2025-04-28,18:15:43,-03:00,2025-04-28T18:15:43-03:00,0,64
src\routes\+layout.svelte,23,js,9ce79269,Vinasque,2025-04-28,18:15:43,-03:00,2025-04-28T18:15:43-03:00,0,56
src\routes\+layout.svelte,24,js,9ce79269,Vinasque,2025-04-28,18:15:43,-03:00,2025-04-28T18:15:43-03:00,0,0
src\routes\+layout.svelte,25,js,9ce79269,Vinasque,2025-04-28,18:15:43,-03:00,2025-04-28T18:15:43-03:00,0,0
src\routes\+layout.svelte,26,js,958416f5,JoãoGabriel,2025-04-27,12:45:05,-03:00,2025-04-27T12:45:05-03:00,0,0
src\routes\+layout.svelte,27,js,9ce79269,Vinasque,2025-04-28,18:15:43,-03:00,2025-04-28T18:15:43-03:00,0,23
src\routes\+layout.svelte,28,js,9ce79269,Vinasque,2025-04-28,18:15:43,-03:00,2025-04-28T18:15:43-03:00,0,56
src\routes\+layout.svelte,29,js,9ce79269,Vinasque,2025-04-28,18:15:43,-03:00,2025-04-28T18:15:43-03:00,0,41
src\routes\+layout.svelte,30,js,9ce79269,Vinasque,2025-04-28,18:15:43,-03:00,2025-04-28T18:15:43-03:00,0,48
src\routes\+layout.svelte,31,js,9ce79269,Vinasque,2025-04-28,18:15:43,-03:00,2025-04-28T18:15:43-03:00,0,0
src\routes\+layout.svelte,32,js,9ce79269,Vinasque,2025-04-28,18:15:43,-03:00,2025-04-28T18:15:43-03:00,0,12
src\routes\+layout.svelte,33,js,9ce79269,Vinasque,2025-04-28,18:15:43,-03:00,2025-04-28T18:15:43-03:00,0,0
src\routes\+layout.svelte,34,js,958416f5,JoãoGabriel,2025-04-27,12:45:05,-03:00,2025-04-27T12:45:05-03:00,0,0
src\routes\+layout.svelte,35,js,9ce79269,Vinasque,2025-04-28,18:15:43,-03:00,2025-04-28T18:15:43-03:00,0,12
src\routes\+layout.svelte,36,svelte,070e6cd3,JoãoGabriel,2025-04-24,15:24:37,-03:00,2025-04-24T15:24:37-03:00,0,8
src\routes\+layout.svelte,37,svelte,070e6cd3,JoãoGabriel,2025-04-24,15:24:37,-03:00,2025-04-24T15:24:37-03:00,0,0
src\routes\+layout.svelte,38,svelte,070e6cd3,JoãoGabriel,2025-04-24,15:24:37,-03:00,2025-04-24T15:24:37-03:00,0,22
src\routes\+layout.svelte,39,svelte,070e6cd3,JoãoGabriel,2025-04-24,15:24:37,-03:00,2025-04-24T15:24:37-03:00,0,17
src\routes\+layout.svelte,40,svelte,00000000,Not Committed Yet,2025-04-29,21:03:46,-03:00,2025-04-29T21:03:46-03:00,0,48
src\routes\+layout.svelte,41,svelte,070e6cd3,JoãoGabriel,2025-04-24,15:24:37,-03:00,2025-04-24T15:24:37-03:00,0,5
src\routes\+layout.svelte,42,svelte,958416f5,JoãoGabriel,2025-04-27,12:45:05,-03:00,2025-04-27T12:45:05-03:00,0,0
src\routes\+layout.svelte,43,svelte,9ce79269,Vinasque,2025-04-28,18:15:43,-03:00,2025-04-28T18:15:43-03:00,0,22
src\routes\+layout.svelte,44,svelte,9ce79269,Vinasque,2025-04-28,18:15:43,-03:00,2025-04-28T18:15:43-03:00,0,20
src\routes\+layout.svelte,45,svelte,9ce79269,Vinasque,2025-04-28,18:15:43,-03:00,2025-04-28T18:15:43-03:00,0,112
src\routes\+layout.svelte,46,svelte,9ce79269,Vinasque,2025-04-28,18:15:43,-03:00,2025-04-28T18:15:43-03:00,0,11
src\routes\+layout.svelte,47,svelte,9ce79269,Vinasque,2025-04-28,18:15:43,-03:00,2025-04-28T18:15:43-03:00,0,3
src\routes\+layout.svelte,48,svelte,9ce79269,Vinasque,2025-04-28,18:15:43,-03:00,2025-04-28T18:15:43-03:00,0,6
src\routes\+layout.svelte,49,svelte,958416f5,JoãoGabriel,2025-04-27,12:45:05,-03:00,2025-04-27T12:45:05-03:00,0,5
src\routes\+layout.svelte,50,svelte,958416f5,JoãoGabriel,2025-04-27,12:45:05,-03:00,2025-04-27T12:45:05-03:00,0,0
src\routes\+layout.svelte,51,svelte,9ce79269,Vinasque,2025-04-28,18:15:43,-03:00,2025-04-28T18:15:43-03:00,0,26
src\routes\+layout.svelte,52,svelte,9ce79269,Vinasque,2025-04-28,18:15:43,-03:00,2025-04-28T18:15:43-03:00,0,30
src\routes\+layout.svelte,53,svelte,9ce79269,Vinasque,2025-04-28,18:15:43,-03:00,2025-04-28T18:15:43-03:00,0,28
src\routes\+layout.svelte,54,svelte,9ce79269,Vinasque,2025-04-28,18:15:43,-03:00,2025-04-28T18:15:43-03:00,0,7
src\routes\+layout.svelte,55,svelte,9ce79269,Vinasque,2025-04-28,18:15:43,-03:00,2025-04-28T18:15:43-03:00,0,6
src\routes\+layout.svelte,56,svelte,9ce79269,Vinasque,2025-04-28,18:15:43,-03:00,2025-04-28T18:15:43-03:00,0,6
src\routes\+layout.svelte,57,svelte,9ce79269,Vinasque,2025-04-28,18:15:43,-03:00,2025-04-28T18:15:43-03:00,0,4
src\routes\+layout.svelte,58,svelte,9ce79269,Vinasque,2025-04-28,18:15:43,-03:00,2025-04-28T18:15:43-03:00,0,8
src\routes\+layout.svelte,59,svelte,958416f5,JoãoGabriel,2025-04-27,12:45:05,-03:00,2025-04-27T12:45:05-03:00,0,5
src\routes\+layout.svelte,60,svelte,070e6cd3,JoãoGabriel,2025-04-24,15:24:37,-03:00,2025-04-24T15:24:37-03:00,0,7
src\routes\+layout.svelte,61,svelte,070e6cd3,JoãoGabriel,2025-04-24,15:24:37,-03:00,2025-04-24T15:24:37-03:00,0,0
src\routes\+layout.svelte,62,svelte,2de57622,JoãoGabriel,2025-04-24,15:42:44,-03:00,2025-04-24T15:42:44-03:00,0,21
src\routes\+layout.svelte,63,svelte,2de57622,JoãoGabriel,2025-04-24,15:42:44,-03:00,2025-04-24T15:42:44-03:00,0,12
src\routes\+layout.svelte,64,svelte,070e6cd3,JoãoGabriel,2025-04-24,15:24:37,-03:00,2025-04-24T15:24:37-03:00,0,6
src\routes\+layout.svelte,65,svelte,070e6cd3,JoãoGabriel,2025-04-24,15:24:37,-03:00,2025-04-24T15:24:37-03:00,0,0
src\routes\+layout.svelte,66,svelte,070e6cd3,JoãoGabriel,2025-04-24,15:24:37,-03:00,2025-04-24T15:24:37-03:00,0,6
src\routes\+layout.svelte,67,css,2de57622,JoãoGabriel,2025-04-24,15:42:44,-03:00,2025-04-24T15:42:44-03:00,0,9
src\routes\+layout.svelte,68,css,9ce79269,Vinasque,2025-04-28,18:15:43,-03:00,2025-04-28T18:15:43-03:00,0,16
src\routes\+layout.svelte,69,css,9ce79269,Vinasque,2025-04-28,18:15:43,-03:00,2025-04-28T18:15:43-03:00,0,10
src\routes\+layout.svelte,70,css,2de57622,JoãoGabriel,2025-04-24,15:42:44,-03:00,2025-04-24T15:42:44-03:00,0,0
src\routes\+layout.svelte,71,css,2de57622,JoãoGabriel,2025-04-24,15:42:44,-03:00,2025-04-24T15:42:44-03:00,0,0
src\routes\+layout.svelte,72,css,070e6cd3,JoãoGabriel,2025-04-24,15:24:37,-03:00,2025-04-24T15:24:37-03:00,0,9
src\routes\+layout.svelte,73,css,070e6cd3,JoãoGabriel,2025-04-24,15:24:37,-03:00,2025-04-24T15:24:37-03:00,0,15
src\routes\+layout.svelte,74,css,070e6cd3,JoãoGabriel,2025-04-24,15:24:37,-03:00,2025-04-24T15:24:37-03:00,0,13
src\routes\+layout.svelte,75,css,070e6cd3,JoãoGabriel,2025-04-24,15:24:37,-03:00,2025-04-24T15:24:37-03:00,0,22
src\routes\+layout.svelte,76,css,9ce79269,Vinasque,2025-04-28,18:15:43,-03:00,2025-04-28T18:15:43-03:00,0,27
src\routes\+layout.svelte,77,css,070e6cd3,JoãoGabriel,2025-04-24,15:24:37,-03:00,2025-04-24T15:24:37-03:00,0,6
src\routes\+layout.svelte,78,css,070e6cd3,JoãoGabriel,2025-04-24,15:24:37,-03:00,2025-04-24T15:24:37-03:00,0,7
src\routes\+layout.svelte,79,css,070e6cd3,JoãoGabriel,2025-04-24,15:24:37,-03:00,2025-04-24T15:24:37-03:00,0,12
src\routes\+layout.svelte,80,css,958416f5,JoãoGabriel,2025-04-27,12:45:05,-03:00,2025-04-27T12:45:05-03:00,0,10
src\routes\+layout.svelte,81,css,9ce79269,Vinasque,2025-04-28,18:15:43,-03:00,2025-04-28T18:15:43-03:00,0,18
src\routes\+layout.svelte,82,css,9ce79269,Vinasque,2025-04-28,18:15:43,-03:00,2025-04-28T18:15:43-03:00,0,25
src\routes\+layout.svelte,83,css,958416f5,JoãoGabriel,2025-04-27,12:45:05,-03:00,2025-04-27T12:45:05-03:00,0,12
src\routes\+layout.svelte,84,css,9ce79269,Vinasque,2025-04-28,18:15:43,-03:00,2025-04-28T18:15:43-03:00,0,43
src\routes\+layout.svelte,85,css,070e6cd3,JoãoGabriel,2025-04-24,15:24:37,-03:00,2025-04-24T15:24:37-03:00,0,0
src\routes\+layout.svelte,86,css,070e6cd3,JoãoGabriel,2025-04-24,15:24:37,-03:00,2025-04-24T15:24:37-03:00,0,0
src\routes\+layout.svelte,87,css,070e6cd3,JoãoGabriel,2025-04-24,15:24:37,-03:00,2025-04-24T15:24:37-03:00,0,6
src\routes\+layout.svelte,88,css,070e6cd3,JoãoGabriel,2025-04-24,15:24:37,-03:00,2025-04-24T15:24:37-03:00,0,13
src\routes\+layout.svelte,89,css,070e6cd3,JoãoGabriel,2025-04-24,15:24:37,-03:00,2025-04-24T15:24:37-03:00,0,23
src\routes\+layout.svelte,90,css,070e6cd3,JoãoGabriel,2025-04-24,15:24:37,-03:00,2025-04-24T15:24:37-03:00,0,19
src\routes\+layout.svelte,91,css,958416f5,JoãoGabriel,2025-04-27,12:45:05,-03:00,2025-04-27T12:45:05-03:00,0,13
src\routes\+layout.svelte,92,css,070e6cd3,JoãoGabriel,2025-04-24,15:24:37,-03:00,2025-04-24T15:24:37-03:00,0,0
src\routes\+layout.svelte,93,css,070e6cd3,JoãoGabriel,2025-04-24,15:24:37,-03:00,2025-04-24T15:24:37-03:00,0,0
src\routes\+layout.svelte,94,css,070e6cd3,JoãoGabriel,2025-04-24,15:24:37,-03:00,2025-04-24T15:24:37-03:00,0,10
src\routes\+layout.svelte,95,css,958416f5,JoãoGabriel,2025-04-27,12:45:05,-03:00,2025-04-27T12:45:05-03:00,0,11
src\routes\+layout.svelte,96,css,958416f5,JoãoGabriel,2025-04-27,12:45:05,-03:00,2025-04-27T12:45:05-03:00,0,12
src\routes\+layout.svelte,97,css,070e6cd3,JoãoGabriel,2025-04-24,15:24:37,-03:00,2025-04-24T15:24:37-03:00,0,19
src\routes\+layout.svelte,98,css,070e6cd3,JoãoGabriel,2025-04-24,15:24:37,-03:00,2025-04-24T15:24:37-03:00,0,0
src\routes\+layout.svelte,99,css,070e6cd3,JoãoGabriel,2025-04-24,15:24:37,-03:00,2025-04-24T15:24:37-03:00,0,0
src\routes\+layout.svelte,100,css,9ce79269,Vinasque,2025-04-28,18:15:43,-03:00,2025-04-28T18:15:43-03:00,0,11
src\routes\+layout.svelte,101,css,958416f5,JoãoGabriel,2025-04-27,12:45:05,-03:00,2025-04-27T12:45:05-03:00,0,13
src\routes\+layout.svelte,102,css,958416f5,JoãoGabriel,2025-04-27,12:45:05,-03:00,2025-04-27T12:45:05-03:00,0,22
src\routes\+layout.svelte,103,css,9ce79269,Vinasque,2025-04-28,18:15:43,-03:00,2025-04-28T18:15:43-03:00,0,19
src\routes\+layout.svelte,104,css,958416f5,JoãoGabriel,2025-04-27,12:45:05,-03:00,2025-04-27T12:45:05-03:00,0,0
src\routes\+layout.svelte,105,css,958416f5,JoãoGabriel,2025-04-27,12:45:05,-03:00,2025-04-27T12:45:05-03:00,0,0
src\routes\+layout.svelte,106,css,9ce79269,Vinasque,2025-04-28,18:15:43,-03:00,2025-04-28T18:15:43-03:00,0,13
src\routes\+layout.svelte,107,css,9ce79269,Vinasque,2025-04-28,18:15:43,-03:00,2025-04-28T18:15:43-03:00,0,21
src\routes\+layout.svelte,108,css,9ce79269,Vinasque,2025-04-28,18:15:43,-03:00,2025-04-28T18:15:43-03:00,0,17
src\routes\+layout.svelte,109,css,9ce79269,Vinasque,2025-04-28,18:15:43,-03:00,2025-04-28T18:15:43-03:00,0,14
src\routes\+layout.svelte,110,css,9ce79269,Vinasque,2025-04-28,18:15:43,-03:00,2025-04-28T18:15:43-03:00,0,14
src\routes\+layout.svelte,111,css,070e6cd3,JoãoGabriel,2025-04-24,15:24:37,-03:00,2025-04-24T15:24:37-03:00,0,0
src\routes\+layout.svelte,112,css,070e6cd3,JoãoGabriel,2025-04-24,15:24:37,-03:00,2025-04-24T15:24:37-03:00,0,0
src\routes\+layout.svelte,113,css,9ce79269,Vinasque,2025-04-28,18:15:43,-03:00,2025-04-28T18:15:43-03:00,0,21
src\routes\+layout.svelte,114,css,9ce79269,Vinasque,2025-04-28,18:15:43,-03:00,2025-04-28T18:15:43-03:00,0,17
src\routes\+layout.svelte,115,css,9ce79269,Vinasque,2025-04-28,18:15:43,-03:00,2025-04-28T18:15:43-03:00,0,30
src\routes\+layout.svelte,116,css,9ce79269,Vinasque,2025-04-28,18:15:43,-03:00,2025-04-28T18:15:43-03:00,0,19
src\routes\+layout.svelte,117,css,070e6cd3,JoãoGabriel,2025-04-24,15:24:37,-03:00,2025-04-24T15:24:37-03:00,0,0
src\routes\+layout.svelte,118,css,070e6cd3,JoãoGabriel,2025-04-24,15:24:37,-03:00,2025-04-24T15:24:37-03:00,0,0
src\routes\+layout.svelte,119,css,9ce79269,Vinasque,2025-04-28,18:15:43,-03:00,2025-04-28T18:15:43-03:00,0,15
src\routes\+layout.svelte,120,css,9ce79269,Vinasque,2025-04-28,18:15:43,-03:00,2025-04-28T18:15:43-03:00,0,18
src\routes\+layout.svelte,121,css,9ce79269,Vinasque,2025-04-28,18:15:43,-03:00,2025-04-28T18:15:43-03:00,0,16
src\routes\+layout.svelte,122,css,2de57622,JoãoGabriel,2025-04-24,15:42:44,-03:00,2025-04-24T15:42:44-03:00,0,0
src\routes\+layout.svelte,123,css,2de57622,JoãoGabriel,2025-04-24,15:42:44,-03:00,2025-04-24T15:42:44-03:00,0,0
src\routes\+layout.svelte,124,css,9ce79269,Vinasque,2025-04-28,18:15:43,-03:00,2025-04-28T18:15:43-03:00,0,22
src\routes\+layout.svelte,125,css,9ce79269,Vinasque,2025-04-28,18:15:43,-03:00,2025-04-28T18:15:43-03:00,0,16
src\routes\+layout.svelte,126,css,9ce79269,Vinasque,2025-04-28,18:15:43,-03:00,2025-04-28T18:15:43-03:00,0,23
src\routes\+layout.svelte,127,css,9ce79269,Vinasque,2025-04-28,18:15:43,-03:00,2025-04-28T18:15:43-03:00,0,12
src\routes\+layout.svelte,128,css,9ce79269,Vinasque,2025-04-28,18:15:43,-03:00,2025-04-28T18:15:43-03:00,0,20
src\routes\+layout.svelte,129,css,9ce79269,Vinasque,2025-04-28,18:15:43,-03:00,2025-04-28T18:15:43-03:00,0,19
src\routes\+layout.svelte,130,css,9ce79269,Vinasque,2025-04-28,18:15:43,-03:00,2025-04-28T18:15:43-03:00,0,15
src\routes\+layout.svelte,131,css,9ce79269,Vinasque,2025-04-28,18:15:43,-03:00,2025-04-28T18:15:43-03:00,0,33
src\routes\+layout.svelte,132,css,9ce79269,Vinasque,2025-04-28,18:15:43,-03:00,2025-04-28T18:15:43-03:00,0,15
src\routes\+layout.svelte,133,css,070e6cd3,JoãoGabriel,2025-04-24,15:24:37,-03:00,2025-04-24T15:24:37-03:00,0,0
src\routes\+layout.svelte,134,css,070e6cd3,JoãoGabriel,2025-04-24,15:24:37,-03:00,2025-04-24T15:24:37-03:00,0,0
src\routes\+layout.svelte,135,css,9ce79269,Vinasque,2025-04-28,18:15:43,-03:00,2025-04-28T18:15:43-03:00,0,28
src\routes\+layout.svelte,136,css,9ce79269,Vinasque,2025-04-28,18:15:43,-03:00,2025-04-28T18:15:43-03:00,0,42
src\routes\+layout.svelte,137,css,958416f5,JoãoGabriel,2025-04-27,12:45:05,-03:00,2025-04-27T12:45:05-03:00,0,0
src\routes\+layout.svelte,138,css,958416f5,JoãoGabriel,2025-04-27,12:45:05,-03:00,2025-04-27T12:45:05-03:00,0,0
src\routes\+layout.svelte,139,css,9ce79269,Vinasque,2025-04-28,18:15:43,-03:00,2025-04-28T18:15:43-03:00,0,0
src\routes\+layout.svelte,140,css,9ce79269,Vinasque,2025-04-28,18:15:43,-03:00,2025-04-28T18:15:43-03:00,0,22
src\routes\+layout.svelte,141,css,9ce79269,Vinasque,2025-04-28,18:15:43,-03:00,2025-04-28T18:15:43-03:00,0,16
src\routes\+layout.svelte,142,css,9ce79269,Vinasque,2025-04-28,18:15:43,-03:00,2025-04-28T18:15:43-03:00,0,23
src\routes\+layout.svelte,143,css,9ce79269,Vinasque,2025-04-28,18:15:43,-03:00,2025-04-28T18:15:43-03:00,0,12
src\routes\+layout.svelte,144,css,9ce79269,Vinasque,2025-04-28,18:15:43,-03:00,2025-04-28T18:15:43-03:00,0,20
src\routes\+layout.svelte,145,css,9ce79269,Vinasque,2025-04-28,18:15:43,-03:00,2025-04-28T18:15:43-03:00,0,19
src\routes\+layout.svelte,146,css,9ce79269,Vinasque,2025-04-28,18:15:43,-03:00,2025-04-28T18:15:43-03:00,0,15
src\routes\+layout.svelte,147,css,9ce79269,Vinasque,2025-04-28,18:15:43,-03:00,2025-04-28T18:15:43-03:00,0,33
src\routes\+layout.svelte,148,css,070e6cd3,JoãoGabriel,2025-04-24,15:24:37,-03:00,2025-04-24T15:24:37-03:00,0,0
src\routes\+layout.svelte,149,css,070e6cd3,JoãoGabriel,2025-04-24,15:24:37,-03:00,2025-04-24T15:24:37-03:00,0,0
src\routes\+layout.svelte,150,css,9ce79269,Vinasque,2025-04-28,18:15:43,-03:00,2025-04-28T18:15:43-03:00,0,28
src\routes\+layout.svelte,151,css,9ce79269,Vinasque,2025-04-28,18:15:43,-03:00,2025-04-28T18:15:43-03:00,0,42
src\routes\+layout.svelte,152,css,070e6cd3,JoãoGabriel,2025-04-24,15:24:37,-03:00,2025-04-24T15:24:37-03:00,0,0
src\routes\+layout.svelte,153,css,070e6cd3,JoãoGabriel,2025-04-24,15:24:37,-03:00,2025-04-24T15:24:37-03:00,0,0
src\routes\+layout.svelte,154,css,9ce79269,Vinasque,2025-04-28,18:15:43,-03:00,2025-04-28T18:15:43-03:00,0,15
src\routes\+layout.svelte,155,css,9ce79269,Vinasque,2025-04-28,18:15:43,-03:00,2025-04-28T18:15:43-03:00,0,26
src\routes\+layout.svelte,156,css,070e6cd3,JoãoGabriel,2025-04-24,15:24:37,-03:00,2025-04-24T15:24:37-03:00,0,9
src\routes\+layout.svelte,157,css,070e6cd3,JoãoGabriel,2025-04-24,15:24:37,-03:00,2025-04-24T15:24:37-03:00,0,12
src\routes\+layout.svelte,158,css,070e6cd3,JoãoGabriel,2025-04-24,15:24:37,-03:00,2025-04-24T15:24:37-03:00,0,0
src\routes\+layout.svelte,159,css,070e6cd3,JoãoGabriel,2025-04-24,15:24:37,-03:00,2025-04-24T15:24:37-03:00,0,0
src\routes\+layout.svelte,160,css,070e6cd3,JoãoGabriel,2025-04-24,15:24:37,-03:00,2025-04-24T15:24:37-03:00,0,0
src\routes\+layout.svelte,161,css,9ce79269,Vinasque,2025-04-28,18:15:43,-03:00,2025-04-28T18:15:43-03:00,0,26
src\routes\+layout.svelte,162,css,9ce79269,Vinasque,2025-04-28,18:15:43,-03:00,2025-04-28T18:15:43-03:00,0,9
src\routes\+layout.svelte,163,css,9ce79269,Vinasque,2025-04-28,18:15:43,-03:00,2025-04-28T18:15:43-03:00,0,11
src\routes\+layout.svelte,164,css,9ce79269,Vinasque,2025-04-28,18:15:43,-03:00,2025-04-28T18:15:43-03:00,0,12
src\routes\+layout.svelte,165,css,9ce79269,Vinasque,2025-04-28,18:15:43,-03:00,2025-04-28T18:15:43-03:00,0,18
src\routes\+layout.svelte,166,css,9ce79269,Vinasque,2025-04-28,18:15:43,-03:00,2025-04-28T18:15:43-03:00,0,0
src\routes\+layout.svelte,167,css,9ce79269,Vinasque,2025-04-28,18:15:43,-03:00,2025-04-28T18:15:43-03:00,0,9
src\routes\+layout.svelte,168,css,9ce79269,Vinasque,2025-04-28,18:15:43,-03:00,2025-04-28T18:15:43-03:00,0,14
src\routes\+layout.svelte,169,css,9ce79269,Vinasque,2025-04-28,18:15:43,-03:00,2025-04-28T18:15:43-03:00,0,11
src\routes\+layout.svelte,170,css,9ce79269,Vinasque,2025-04-28,18:15:43,-03:00,2025-04-28T18:15:43-03:00,0,0
src\routes\+layout.svelte,171,css,070e6cd3,JoãoGabriel,2025-04-24,15:24:37,-03:00,2025-04-24T15:24:37-03:00,0,0
src\routes\+layout.svelte,172,svelte,9ce79269,Vinasque,2025-04-28,18:15:43,-03:00,2025-04-28T18:15:43-03:00,0,7
src\routes\chart\+page.svelte,1,svelte,958416f5,JoãoGabriel,2025-04-27,12:45:05,-03:00,2025-04-27T12:45:05-03:00,0,7
src\routes\chart\+page.svelte,2,js,bc3d1531,JoãoGabriel,2025-04-28,18:22:16,-03:00,2025-04-28T18:22:16-03:00,0,32
src\routes\chart\+page.svelte,3,js,bc3d1531,JoãoGabriel,2025-04-28,18:22:16,-03:00,2025-04-28T18:22:16-03:00,0,42
src\routes\chart\+page.svelte,4,js,958416f5,JoãoGabriel,2025-04-27,12:45:05,-03:00,2025-04-27T12:45:05-03:00,0,0
src\routes\chart\+page.svelte,5,js,bc3d1531,JoãoGabriel,2025-04-28,18:22:16,-03:00,2025-04-28T18:22:16-03:00,0,14
src\routes\chart\+page.svelte,6,js,bc3d1531,JoãoGabriel,2025-04-28,18:22:16,-03:00,2025-04-28T18:22:16-03:00,0,12
src\routes\chart\+page.svelte,7,js,bc3d1531,JoãoGabriel,2025-04-28,18:22:16,-03:00,2025-04-28T18:22:16-03:00,0,14
src\routes\chart\+page.svelte,8,js,bc3d1531,JoãoGabriel,2025-04-28,18:22:16,-03:00,2025-04-28T18:22:16-03:00,0,15
src\routes\chart\+page.svelte,9,js,bc3d1531,JoãoGabriel,2025-04-28,18:22:16,-03:00,2025-04-28T18:22:16-03:00,0,15
src\routes\chart\+page.svelte,10,js,bc3d1531,JoãoGabriel,2025-04-28,18:22:16,-03:00,2025-04-28T18:22:16-03:00,0,13
src\routes\chart\+page.svelte,11,js,0a60557e,JoãoGabriel,2025-04-28,19:45:19,-03:00,2025-04-28T19:45:19-03:00,0,14
src\routes\chart\+page.svelte,12,js,73fa7a80,JoãoGabriel,2025-04-29,20:28:33,-03:00,2025-04-29T20:28:33-03:00,0,17
src\routes\chart\+page.svelte,13,js,73fa7a80,JoãoGabriel,2025-04-29,20:28:33,-03:00,2025-04-29T20:28:33-03:00,0,18
src\routes\chart\+page.svelte,14,js,bc3d1531,JoãoGabriel,2025-04-28,18:22:16,-03:00,2025-04-28T18:22:16-03:00,0,19
src\routes\chart\+page.svelte,15,js,bc3d1531,JoãoGabriel,2025-04-28,18:22:16,-03:00,2025-04-28T18:22:16-03:00,0,21
src\routes\chart\+page.svelte,16,js,bc3d1531,JoãoGabriel,2025-04-28,18:22:16,-03:00,2025-04-28T18:22:16-03:00,0,14
src\routes\chart\+page.svelte,17,js,958416f5,JoãoGabriel,2025-04-27,12:45:05,-03:00,2025-04-27T12:45:05-03:00,0,0
src\routes\chart\+page.svelte,18,js,bc3d1531,JoãoGabriel,2025-04-28,18:22:16,-03:00,2025-04-28T18:22:16-03:00,0,25
src\routes\chart\+page.svelte,19,js,bc3d1531,JoãoGabriel,2025-04-28,18:22:16,-03:00,2025-04-28T18:22:16-03:00,0,24
src\routes\chart\+page.svelte,20,js,bc3d1531,JoãoGabriel,2025-04-28,18:22:16,-03:00,2025-04-28T18:22:16-03:00,0,0
src\routes\chart\+page.svelte,21,js,bc3d1531,JoãoGabriel,2025-04-28,18:22:16,-03:00,2025-04-28T18:22:16-03:00,0,0
src\routes\chart\+page.svelte,22,js,bc3d1531,JoãoGabriel,2025-04-28,18:22:16,-03:00,2025-04-28T18:22:16-03:00,0,27
src\routes\chart\+page.svelte,23,js,73fa7a80,JoãoGabriel,2025-04-29,20:28:33,-03:00,2025-04-29T20:28:33-03:00,0,34
src\routes\chart\+page.svelte,24,js,73fa7a80,JoãoGabriel,2025-04-29,20:28:33,-03:00,2025-04-29T20:28:33-03:00,0,26
src\routes\chart\+page.svelte,25,js,442db001,Gustyper,2025-04-29,02:46:01,-03:00,2025-04-29T02:46:01-03:00,0,0
src\routes\chart\+page.svelte,26,js,73fa7a80,JoãoGabriel,2025-04-29,20:28:33,-03:00,2025-04-29T20:28:33-03:00,0,19
src\routes\chart\+page.svelte,27,js,73fa7a80,JoãoGabriel,2025-04-29,20:28:33,-03:00,2025-04-29T20:28:33-03:00,0,34
src\routes\chart\+page.svelte,28,js,73fa7a80,JoãoGabriel,2025-04-29,20:28:33,-03:00,2025-04-29T20:28:33-03:00,0,14
src\routes\chart\+page.svelte,29,js,73fa7a80,JoãoGabriel,2025-04-29,20:28:33,-03:00,2025-04-29T20:28:33-03:00,0,0
src\routes\chart\+page.svelte,30,js,73fa7a80,JoãoGabriel,2025-04-29,20:28:33,-03:00,2025-04-29T20:28:33-03:00,0,59
src\routes\chart\+page.svelte,31,js,73fa7a80,JoãoGabriel,2025-04-29,20:28:33,-03:00,2025-04-29T20:28:33-03:00,0,36
src\routes\chart\+page.svelte,32,js,73fa7a80,JoãoGabriel,2025-04-29,20:28:33,-03:00,2025-04-29T20:28:33-03:00,0,32
src\routes\chart\+page.svelte,33,js,73fa7a80,JoãoGabriel,2025-04-29,20:28:33,-03:00,2025-04-29T20:28:33-03:00,0,36
src\routes\chart\+page.svelte,34,js,73fa7a80,JoãoGabriel,2025-04-29,20:28:33,-03:00,2025-04-29T20:28:33-03:00,0,38
src\routes\chart\+page.svelte,35,js,73fa7a80,JoãoGabriel,2025-04-29,20:28:33,-03:00,2025-04-29T20:28:33-03:00,0,38
src\routes\chart\+page.svelte,36,js,73fa7a80,JoãoGabriel,2025-04-29,20:28:33,-03:00,2025-04-29T20:28:33-03:00,0,34
src\routes\chart\+page.svelte,37,js,442db001,Gustyper,2025-04-29,02:46:01,-03:00,2025-04-29T02:46:01-03:00,0,0
src\routes\chart\+page.svelte,38,js,bc3d1531,JoãoGabriel,2025-04-28,18:22:16,-03:00,2025-04-28T18:22:16-03:00,0,4
src\routes\chart\+page.svelte,39,js,00000000,Not Committed Yet,2025-04-29,21:03:46,-03:00,2025-04-29T21:03:46-03:00,0,82
src\routes\chart\+page.svelte,40,js,0a60557e,JoãoGabriel,2025-04-28,19:45:19,-03:00,2025-04-28T19:45:19-03:00,0,12
src\routes\chart\+page.svelte,41,js,0a60557e,JoãoGabriel,2025-04-28,19:45:19,-03:00,2025-04-28T19:45:19-03:00,0,37
src\routes\chart\+page.svelte,42,js,0a60557e,JoãoGabriel,2025-04-28,19:45:19,-03:00,2025-04-28T19:45:19-03:00,0,34
src\routes\chart\+page.svelte,43,js,0a60557e,JoãoGabriel,2025-04-28,19:45:19,-03:00,2025-04-28T19:45:19-03:00,0,36
src\routes\chart\+page.svelte,44,js,0a60557e,JoãoGabriel,2025-04-28,19:45:19,-03:00,2025-04-28T19:45:19-03:00,0,41
src\routes\chart\+page.svelte,45,js,0a60557e,JoãoGabriel,2025-04-28,19:45:19,-03:00,2025-04-28T19:45:19-03:00,0,43
src\routes\chart\+page.svelte,46,js,442db001,Gustyper,2025-04-29,02:46:01,-03:00,2025-04-29T02:46:01-03:00,0,0
src\routes\chart\+page.svelte,47,js,73fa7a80,JoãoGabriel,2025-04-29,20:28:33,-03:00,2025-04-29T20:28:33-03:00,0,60
src\routes\chart\+page.svelte,48,js,38436d4c,JoãoGabriel,2025-04-29,20:26:19,-03:00,2025-04-29T20:26:19-03:00,0,7
src\routes\chart\+page.svelte,49,js,73fa7a80,JoãoGabriel,2025-04-29,20:28:33,-03:00,2025-04-29T20:28:33-03:00,0,13
src\routes\chart\+page.svelte,50,js,73fa7a80,JoãoGabriel,2025-04-29,20:28:33,-03:00,2025-04-29T20:28:33-03:00,0,14
src\routes\chart\+page.svelte,51,js,73fa7a80,JoãoGabriel,2025-04-29,20:28:33,-03:00,2025-04-29T20:28:33-03:00,0,0
src\routes\chart\+page.svelte,52,js,73fa7a80,JoãoGabriel,2025-04-29,20:28:33,-03:00,2025-04-29T20:28:33-03:00,0,12
src\routes\chart\+page.svelte,53,js,73fa7a80,JoãoGabriel,2025-04-29,20:28:33,-03:00,2025-04-29T20:28:33-03:00,0,45
src\routes\chart\+page.svelte,54,js,73fa7a80,JoãoGabriel,2025-04-29,20:28:33,-03:00,2025-04-29T20:28:33-03:00,0,13
src\routes\chart\+page.svelte,55,js,73fa7a80,JoãoGabriel,2025-04-29,20:28:33,-03:00,2025-04-29T20:28:33-03:00,0,14
src\routes\chart\+page.svelte,56,js,73fa7a80,JoãoGabriel,2025-04-29,20:28:33,-03:00,2025-04-29T20:28:33-03:00,0,10
src\routes\chart\+page.svelte,57,js,73fa7a80,JoãoGabriel,2025-04-29,20:28:33,-03:00,2025-04-29T20:28:33-03:00,0,15
src\routes\chart\+page.svelte,58,js,73fa7a80,JoãoGabriel,2025-04-29,20:28:33,-03:00,2025-04-29T20:28:33-03:00,0,0
src\routes\chart\+page.svelte,59,js,bc3d1531,JoãoGabriel,2025-04-28,18:22:16,-03:00,2025-04-28T18:22:16-03:00,0,0
src\routes\chart\+page.svelte,60,js,958416f5,JoãoGabriel,2025-04-27,12:45:05,-03:00,2025-04-27T12:45:05-03:00,0,0
src\routes\chart\+page.svelte,61,js,38436d4c,JoãoGabriel,2025-04-29,20:26:19,-03:00,2025-04-29T20:26:19-03:00,0,61
src\routes\chart\+page.svelte,62,js,38436d4c,JoãoGabriel,2025-04-29,20:26:19,-03:00,2025-04-29T20:26:19-03:00,0,61
src\routes\chart\+page.svelte,63,js,38436d4c,JoãoGabriel,2025-04-29,20:26:19,-03:00,2025-04-29T20:26:19-03:00,0,61
src\routes\chart\+page.svelte,64,js,38436d4c,JoãoGabriel,2025-04-29,20:26:19,-03:00,2025-04-29T20:26:19-03:00,0,61
src\routes\chart\+page.svelte,65,js,38436d4c,JoãoGabriel,2025-04-29,20:26:19,-03:00,2025-04-29T20:26:19-03:00,0,61
src\routes\chart\+page.svelte,66,js,38436d4c,JoãoGabriel,2025-04-29,20:26:19,-03:00,2025-04-29T20:26:19-03:00,0,57
src\routes\chart\+page.svelte,67,js,bc3d1531,JoãoGabriel,2025-04-28,18:22:16,-03:00,2025-04-28T18:22:16-03:00,0,0
src\routes\chart\+page.svelte,68,js,bc3d1531,JoãoGabriel,2025-04-28,18:22:16,-03:00,2025-04-28T18:22:16-03:00,0,18
src\routes\chart\+page.svelte,69,js,bc3d1531,JoãoGabriel,2025-04-28,18:22:16,-03:00,2025-04-28T18:22:16-03:00,0,59
src\routes\chart\+page.svelte,70,js,bc3d1531,JoãoGabriel,2025-04-28,18:22:16,-03:00,2025-04-28T18:22:16-03:00,0,0
src\routes\chart\+page.svelte,71,js,bc3d1531,JoãoGabriel,2025-04-28,18:22:16,-03:00,2025-04-28T18:22:16-03:00,0,0
src\routes\chart\+page.svelte,72,js,bc3d1531,JoãoGabriel,2025-04-28,18:22:16,-03:00,2025-04-28T18:22:16-03:00,0,18
src\routes\chart\+page.svelte,73,svelte,bc3d1531,JoãoGabriel,2025-04-28,18:22:16,-03:00,2025-04-28T18:22:16-03:00,0,8
src\routes\chart\+page.svelte,74,svelte,bc3d1531,JoãoGabriel,2025-04-28,18:22:16,-03:00,2025-04-28T18:22:16-03:00,0,0
src\routes\chart\+page.svelte,75,svelte,bc3d1531,JoãoGabriel,2025-04-28,18:22:16,-03:00,2025-04-28T18:22:16-03:00,0,12
src\routes\chart\+page.svelte,76,svelte,bc3d1531,JoãoGabriel,2025-04-28,18:22:16,-03:00,2025-04-28T18:22:16-03:00,0,24
src\routes\chart\+page.svelte,77,svelte,bc3d1531,JoãoGabriel,2025-04-28,18:22:16,-03:00,2025-04-28T18:22:16-03:00,0,13
src\routes\chart\+page.svelte,78,svelte,bc3d1531,JoãoGabriel,2025-04-28,18:22:16,-03:00,2025-04-28T18:22:16-03:00,0,0
src\routes\chart\+page.svelte,79,svelte,38436d4c,JoãoGabriel,2025-04-29,20:26:19,-03:00,2025-04-29T20:26:19-03:00,0,20
src\routes\chart\+page.svelte,80,svelte,bc3d1531,JoãoGabriel,2025-04-28,18:22:16,-03:00,2025-04-28T18:22:16-03:00,0,86
src\routes\chart\+page.svelte,81,svelte,bc3d1531,JoãoGabriel,2025-04-28,18:22:16,-03:00,2025-04-28T18:22:16-03:00,0,83
src\routes\chart\+page.svelte,82,svelte,bc3d1531,JoãoGabriel,2025-04-28,18:22:16,-03:00,2025-04-28T18:22:16-03:00,0,70
src\routes\chart\+page.svelte,83,svelte,bc3d1531,JoãoGabriel,2025-04-28,18:22:16,-03:00,2025-04-28T18:22:16-03:00,0,70
src\routes\chart\+page.svelte,84,svelte,bc3d1531,JoãoGabriel,2025-04-28,18:22:16,-03:00,2025-04-28T18:22:16-03:00,0,69
src\routes\chart\+page.svelte,85,svelte,bc3d1531,JoãoGabriel,2025-04-28,18:22:16,-03:00,2025-04-28T18:22:16-03:00,0,82
src\routes\chart\+page.svelte,86,svelte,0a60557e,JoãoGabriel,2025-04-28,19:45:19,-03:00,2025-04-28T19:45:19-03:00,0,97
src\routes\chart\+page.svelte,87,svelte,bc3d1531,JoãoGabriel,2025-04-28,18:22:16,-03:00,2025-04-28T18:22:16-03:00,0,5
src\routes\chart\+page.svelte,88,svelte,bc3d1531,JoãoGabriel,2025-04-28,18:22:16,-03:00,2025-04-28T18:22:16-03:00,0,0
src\routes\chart\+page.svelte,89,svelte,bc3d1531,JoãoGabriel,2025-04-28,18:22:16,-03:00,2025-04-28T18:22:16-03:00,0,12
src\routes\chart\+page.svelte,90,svelte,bc3d1531,JoãoGabriel,2025-04-28,18:22:16,-03:00,2025-04-28T18:22:16-03:00,0,17
src\routes\chart\+page.svelte,91,svelte,bc3d1531,JoãoGabriel,2025-04-28,18:22:16,-03:00,2025-04-28T18:22:16-03:00,0,6
src\routes\chart\+page.svelte,92,svelte,bc3d1531,JoãoGabriel,2025-04-28,18:22:16,-03:00,2025-04-28T18:22:16-03:00,0,24
src\routes\chart\+page.svelte,93,svelte,bc3d1531,JoãoGabriel,2025-04-28,18:22:16,-03:00,2025-04-28T18:22:16-03:00,0,28
src\routes\chart\+page.svelte,94,svelte,bc3d1531,JoãoGabriel,2025-04-28,18:22:16,-03:00,2025-04-28T18:22:16-03:00,0,31
src\routes\chart\+page.svelte,95,svelte,0a60557e,JoãoGabriel,2025-04-28,19:45:19,-03:00,2025-04-28T19:45:19-03:00,0,79
src\routes\chart\+page.svelte,96,svelte,bc3d1531,JoãoGabriel,2025-04-28,18:22:16,-03:00,2025-04-28T18:22:16-03:00,0,5
src\routes\chart\+page.svelte,97,svelte,bc3d1531,JoãoGabriel,2025-04-28,18:22:16,-03:00,2025-04-28T18:22:16-03:00,0,0
src\routes\chart\+page.svelte,98,svelte,bc3d1531,JoãoGabriel,2025-04-28,18:22:16,-03:00,2025-04-28T18:22:16-03:00,0,24
src\routes\chart\+page.svelte,99,svelte,bc3d1531,JoãoGabriel,2025-04-28,18:22:16,-03:00,2025-04-28T18:22:16-03:00,0,17
src\routes\chart\+page.svelte,100,svelte,bc3d1531,JoãoGabriel,2025-04-28,18:22:16,-03:00,2025-04-28T18:22:16-03:00,0,65
src\routes\chart\+page.svelte,101,svelte,bc3d1531,JoãoGabriel,2025-04-28,18:22:16,-03:00,2025-04-28T18:22:16-03:00,0,48
src\routes\chart\+page.svelte,102,svelte,bc3d1531,JoãoGabriel,2025-04-28,18:22:16,-03:00,2025-04-28T18:22:16-03:00,0,47
src\routes\chart\+page.svelte,103,svelte,bc3d1531,JoãoGabriel,2025-04-28,18:22:16,-03:00,2025-04-28T18:22:16-03:00,0,28
src\routes\chart\+page.svelte,104,svelte,bc3d1531,JoãoGabriel,2025-04-28,18:22:16,-03:00,2025-04-28T18:22:16-03:00,0,23
src\routes\chart\+page.svelte,105,svelte,bc3d1531,JoãoGabriel,2025-04-28,18:22:16,-03:00,2025-04-28T18:22:16-03:00,0,22
src\routes\chart\+page.svelte,106,svelte,bc3d1531,JoãoGabriel,2025-04-28,18:22:16,-03:00,2025-04-28T18:22:16-03:00,0,5
src\routes\chart\+page.svelte,107,svelte,bc3d1531,JoãoGabriel,2025-04-28,18:22:16,-03:00,2025-04-28T18:22:16-03:00,0,6
src\routes\chart\+page.svelte,108,svelte,bc3d1531,JoãoGabriel,2025-04-28,18:22:16,-03:00,2025-04-28T18:22:16-03:00,0,5
src\routes\chart\+page.svelte,109,svelte,bc3d1531,JoãoGabriel,2025-04-28,18:22:16,-03:00,2025-04-28T18:22:16-03:00,0,4
src\routes\chart\+page.svelte,110,svelte,bc3d1531,JoãoGabriel,2025-04-28,18:22:16,-03:00,2025-04-28T18:22:16-03:00,0,0
src\routes\chart\+page.svelte,111,svelte,bc3d1531,JoãoGabriel,2025-04-28,18:22:16,-03:00,2025-04-28T18:22:16-03:00,0,17
src\routes\chart\+page.svelte,112,svelte,bc3d1531,JoãoGabriel,2025-04-28,18:22:16,-03:00,2025-04-28T18:22:16-03:00,0,6
src\routes\chart\+page.svelte,113,svelte,bc3d1531,JoãoGabriel,2025-04-28,18:22:16,-03:00,2025-04-28T18:22:16-03:00,0,17
src\routes\chart\+page.svelte,114,svelte,bc3d1531,JoãoGabriel,2025-04-28,18:22:16,-03:00,2025-04-28T18:22:16-03:00,0,10
src\routes\chart\+page.svelte,115,svelte,bc3d1531,JoãoGabriel,2025-04-28,18:22:16,-03:00,2025-04-28T18:22:16-03:00,0,10
src\routes\chart\+page.svelte,116,svelte,bc3d1531,JoãoGabriel,2025-04-28,18:22:16,-03:00,2025-04-28T18:22:16-03:00,0,14
src\routes\chart\+page.svelte,117,svelte,bc3d1531,JoãoGabriel,2025-04-28,18:22:16,-03:00,2025-04-28T18:22:16-03:00,0,23
src\routes\chart\+page.svelte,118,svelte,bc3d1531,JoãoGabriel,2025-04-28,18:22:16,-03:00,2025-04-28T18:22:16-03:00,0,22
src\routes\chart\+page.svelte,119,svelte,bc3d1531,JoãoGabriel,2025-04-28,18:22:16,-03:00,2025-04-28T18:22:16-03:00,0,49
src\routes\chart\+page.svelte,120,svelte,bc3d1531,JoãoGabriel,2025-04-28,18:22:16,-03:00,2025-04-28T18:22:16-03:00,0,9
src\routes\chart\+page.svelte,121,svelte,bc3d1531,JoãoGabriel,2025-04-28,18:22:16,-03:00,2025-04-28T18:22:16-03:00,0,4
src\routes\chart\+page.svelte,122,svelte,bc3d1531,JoãoGabriel,2025-04-28,18:22:16,-03:00,2025-04-28T18:22:16-03:00,0,0
src\routes\chart\+page.svelte,123,svelte,bc3d1531,JoãoGabriel,2025-04-28,18:22:16,-03:00,2025-04-28T18:22:16-03:00,0,6
src\routes\chart\+page.svelte,124,css,c1e3393f,JoãoGabriel,2025-04-28,18:40:15,-03:00,2025-04-28T18:40:15-03:00,0,9
src\routes\chart\+page.svelte,125,css,bc3d1531,JoãoGabriel,2025-04-28,18:22:16,-03:00,2025-04-28T18:22:16-03:00,0,13
src\routes\chart\+page.svelte,126,css,bc3d1531,JoãoGabriel,2025-04-28,18:22:16,-03:00,2025-04-28T18:22:16-03:00,0,9
src\routes\chart\+page.svelte,127,css,bc3d1531,JoãoGabriel,2025-04-28,18:22:16,-03:00,2025-04-28T18:22:16-03:00,0,19
src\routes\chart\+page.svelte,128,css,c1e3393f,JoãoGabriel,2025-04-28,18:40:15,-03:00,2025-04-28T18:40:15-03:00,0,19
src\routes\chart\+page.svelte,129,css,c1e3393f,JoãoGabriel,2025-04-28,18:40:15,-03:00,2025-04-28T18:40:15-03:00,0,15
src\routes\chart\+page.svelte,130,css,bc3d1531,JoãoGabriel,2025-04-28,18:22:16,-03:00,2025-04-28T18:22:16-03:00,0,0
src\routes\chart\+page.svelte,131,css,c1e3393f,JoãoGabriel,2025-04-28,18:40:15,-03:00,2025-04-28T18:40:15-03:00,0,0
src\routes\chart\+page.svelte,132,css,bc3d1531,JoãoGabriel,2025-04-28,18:22:16,-03:00,2025-04-28T18:22:16-03:00,0,15
src\routes\chart\+page.svelte,133,css,bc3d1531,JoãoGabriel,2025-04-28,18:22:16,-03:00,2025-04-28T18:22:16-03:00,0,7
src\routes\chart\+page.svelte,134,css,c1e3393f,JoãoGabriel,2025-04-28,18:40:15,-03:00,2025-04-28T18:40:15-03:00,0,21
src\routes\chart\+page.svelte,135,css,c1e3393f,JoãoGabriel,2025-04-28,18:40:15,-03:00,2025-04-28T18:40:15-03:00,0,25
src\routes\chart\+page.svelte,136,css,c1e3393f,JoãoGabriel,2025-04-28,18:40:15,-03:00,2025-04-28T18:40:15-03:00,0,12
src\routes\chart\+page.svelte,137,css,c1e3393f,JoãoGabriel,2025-04-28,18:40:15,-03:00,2025-04-28T18:40:15-03:00,0,12
src\routes\chart\+page.svelte,138,css,c1e3393f,JoãoGabriel,2025-04-28,18:40:15,-03:00,2025-04-28T18:40:15-03:00,0,20
src\routes\chart\+page.svelte,139,css,c1e3393f,JoãoGabriel,2025-04-28,18:40:15,-03:00,2025-04-28T18:40:15-03:00,0,15
src\routes\chart\+page.svelte,140,css,c1e3393f,JoãoGabriel,2025-04-28,18:40:15,-03:00,2025-04-28T18:40:15-03:00,0,13
src\routes\chart\+page.svelte,141,css,c1e3393f,JoãoGabriel,2025-04-28,18:40:15,-03:00,2025-04-28T18:40:15-03:00,0,16
src\routes\chart\+page.svelte,142,css,c1e3393f,JoãoGabriel,2025-04-28,18:40:15,-03:00,2025-04-28T18:40:15-03:00,0,0
src\routes\chart\+page.svelte,143,css,c1e3393f,JoãoGabriel,2025-04-28,18:40:15,-03:00,2025-04-28T18:40:15-03:00,0,0
src\routes\chart\+page.svelte,144,css,c1e3393f,JoãoGabriel,2025-04-28,18:40:15,-03:00,2025-04-28T18:40:15-03:00,0,28
src\routes\chart\+page.svelte,145,css,c1e3393f,JoãoGabriel,2025-04-28,18:40:15,-03:00,2025-04-28T18:40:15-03:00,0,14
src\routes\chart\+page.svelte,146,css,c1e3393f,JoãoGabriel,2025-04-28,18:40:15,-03:00,2025-04-28T18:40:15-03:00,0,0
src\routes\chart\+page.svelte,147,css,c1e3393f,JoãoGabriel,2025-04-28,18:40:15,-03:00,2025-04-28T18:40:15-03:00,0,0
src\routes\chart\+page.svelte,148,css,c1e3393f,JoãoGabriel,2025-04-28,18:40:15,-03:00,2025-04-28T18:40:15-03:00,0,21
src\routes\chart\+page.svelte,149,css,c1e3393f,JoãoGabriel,2025-04-28,18:40:15,-03:00,2025-04-28T18:40:15-03:00,0,25
src\routes\chart\+page.svelte,150,css,c1e3393f,JoãoGabriel,2025-04-28,18:40:15,-03:00,2025-04-28T18:40:15-03:00,0,0
src\routes\chart\+page.svelte,151,css,c1e3393f,JoãoGabriel,2025-04-28,18:40:15,-03:00,2025-04-28T18:40:15-03:00,0,0
src\routes\chart\+page.svelte,152,css,c1e3393f,JoãoGabriel,2025-04-28,18:40:15,-03:00,2025-04-28T18:40:15-03:00,0,15
src\routes\chart\+page.svelte,153,css,c1e3393f,JoãoGabriel,2025-04-28,18:40:15,-03:00,2025-04-28T18:40:15-03:00,0,35
src\routes\chart\+page.svelte,154,css,bc3d1531,JoãoGabriel,2025-04-28,18:22:16,-03:00,2025-04-28T18:22:16-03:00,0,0
src\routes\chart\+page.svelte,155,css,bc3d1531,JoãoGabriel,2025-04-28,18:22:16,-03:00,2025-04-28T18:22:16-03:00,0,6
src\routes\chart\+page.svelte,156,css,bc3d1531,JoãoGabriel,2025-04-28,18:22:16,-03:00,2025-04-28T18:22:16-03:00,0,13
src\routes\chart\+page.svelte,157,css,bc3d1531,JoãoGabriel,2025-04-28,18:22:16,-03:00,2025-04-28T18:22:16-03:00,0,15
src\routes\chart\+page.svelte,158,css,bc3d1531,JoãoGabriel,2025-04-28,18:22:16,-03:00,2025-04-28T18:22:16-03:00,0,9
src\routes\chart\+page.svelte,159,css,bc3d1531,JoãoGabriel,2025-04-28,18:22:16,-03:00,2025-04-28T18:22:16-03:00,0,0
src\routes\chart\+page.svelte,160,css,bc3d1531,JoãoGabriel,2025-04-28,18:22:16,-03:00,2025-04-28T18:22:16-03:00,0,6
src\routes\chart\+page.svelte,161,css,bc3d1531,JoãoGabriel,2025-04-28,18:22:16,-03:00,2025-04-28T18:22:16-03:00,0,12
src\routes\chart\+page.svelte,162,css,bc3d1531,JoãoGabriel,2025-04-28,18:22:16,-03:00,2025-04-28T18:22:16-03:00,0,13
src\routes\chart\+page.svelte,163,css,bc3d1531,JoãoGabriel,2025-04-28,18:22:16,-03:00,2025-04-28T18:22:16-03:00,0,22
src\routes\chart\+page.svelte,164,css,bc3d1531,JoãoGabriel,2025-04-28,18:22:16,-03:00,2025-04-28T18:22:16-03:00,0,18
src\routes\chart\+page.svelte,165,css,bc3d1531,JoãoGabriel,2025-04-28,18:22:16,-03:00,2025-04-28T18:22:16-03:00,0,18
src\routes\chart\+page.svelte,166,css,bc3d1531,JoãoGabriel,2025-04-28,18:22:16,-03:00,2025-04-28T18:22:16-03:00,0,15
src\routes\chart\+page.svelte,167,css,bc3d1531,JoãoGabriel,2025-04-28,18:22:16,-03:00,2025-04-28T18:22:16-03:00,0,15
src\routes\chart\+page.svelte,168,css,bc3d1531,JoãoGabriel,2025-04-28,18:22:16,-03:00,2025-04-28T18:22:16-03:00,0,0
src\routes\chart\+page.svelte,169,css,bc3d1531,JoãoGabriel,2025-04-28,18:22:16,-03:00,2025-04-28T18:22:16-03:00,0,12
src\routes\chart\+page.svelte,170,css,bc3d1531,JoãoGabriel,2025-04-28,18:22:16,-03:00,2025-04-28T18:22:16-03:00,0,19
src\routes\chart\+page.svelte,171,css,bc3d1531,JoãoGabriel,2025-04-28,18:22:16,-03:00,2025-04-28T18:22:16-03:00,0,0
src\routes\chart\+page.svelte,172,css,bc3d1531,JoãoGabriel,2025-04-28,18:22:16,-03:00,2025-04-28T18:22:16-03:00,0,17
src\routes\chart\+page.svelte,173,css,bc3d1531,JoãoGabriel,2025-04-28,18:22:16,-03:00,2025-04-28T18:22:16-03:00,0,19
src\routes\chart\+page.svelte,174,css,bc3d1531,JoãoGabriel,2025-04-28,18:22:16,-03:00,2025-04-28T18:22:16-03:00,0,13
src\routes\chart\+page.svelte,175,css,bc3d1531,JoãoGabriel,2025-04-28,18:22:16,-03:00,2025-04-28T18:22:16-03:00,0,22
src\routes\chart\+page.svelte,176,css,bc3d1531,JoãoGabriel,2025-04-28,18:22:16,-03:00,2025-04-28T18:22:16-03:00,0,18
src\routes\chart\+page.svelte,177,css,bc3d1531,JoãoGabriel,2025-04-28,18:22:16,-03:00,2025-04-28T18:22:16-03:00,0,0
src\routes\chart\+page.svelte,178,svelte,bc3d1531,JoãoGabriel,2025-04-28,18:22:16,-03:00,2025-04-28T18:22:16-03:00,0,7
src\lib\Chart.svelte,1,svelte,171e7888,Vinasque,2025-04-25,11:20:52,-03:00,2025-04-25T11:20:52-03:00,0,7
src\lib\Chart.svelte,2,js,dc3e73c5,Vinasque,2025-04-27,12:57:04,-03:00,2025-04-27T12:57:04-03:00,0,32
src\lib\Chart.svelte,3,js,dc3e73c5,Vinasque,2025-04-27,12:57:04,-03:00,2025-04-27T12:57:04-03:00,0,24
src\lib\Chart.svelte,4,js,277c3d40,JoãoGabriel,2025-04-28,18:26:57,-03:00,2025-04-28T18:26:57-03:00,0,46
src\lib\Chart.svelte,5,js,171e7888,Vinasque,2025-04-25,11:20:52,-03:00,2025-04-25T11:20:52-03:00,0,0
src\lib\Chart.svelte,6,js,72fff438,Gustyper,2025-04-27,19:14:57,-03:00,2025-04-27T19:14:57-03:00,0,20
src\lib\Chart.svelte,7,js,0a60557e,JoãoGabriel,2025-04-28,19:45:19,-03:00,2025-04-28T19:45:19-03:00,0,21
src\lib\Chart.svelte,8,js,72fff438,Gustyper,2025-04-27,19:14:57,-03:00,2025-04-27T19:14:57-03:00,0,0
src\lib\Chart.svelte,9,js,dc3e73c5,Vinasque,2025-04-27,12:57:04,-03:00,2025-04-27T12:57:04-03:00,0,14
src\lib\Chart.svelte,10,js,3949277b,Gustyper,2025-04-27,21:45:36,-03:00,2025-04-27T21:45:36-03:00,0,15
src\lib\Chart.svelte,11,js,c1e3393f,JoãoGabriel,2025-04-28,18:40:15,-03:00,2025-04-28T18:40:15-03:00,0,20
src\lib\Chart.svelte,12,js,c1e3393f,JoãoGabriel,2025-04-28,18:40:15,-03:00,2025-04-28T18:40:15-03:00,0,21
src\lib\Chart.svelte,13,js,c1e3393f,JoãoGabriel,2025-04-28,18:40:15,-03:00,2025-04-28T18:40:15-03:00,0,0
src\lib\Chart.svelte,14,js,bc3d1531,JoãoGabriel,2025-04-28,18:22:16,-03:00,2025-04-28T18:22:16-03:00,0,18
src\lib\Chart.svelte,15,js,dc3e73c5,Vinasque,2025-04-27,12:57:04,-03:00,2025-04-27T12:57:04-03:00,0,18
src\lib\Chart.svelte,16,js,dc3e73c5,Vinasque,2025-04-27,12:57:04,-03:00,2025-04-27T12:57:04-03:00,0,0
src\lib\Chart.svelte,17,js,0a60557e,JoãoGabriel,2025-04-28,19:45:19,-03:00,2025-04-28T19:45:19-03:00,0,40
src\lib\Chart.svelte,18,js,0a60557e,JoãoGabriel,2025-04-28,19:45:19,-03:00,2025-04-28T19:45:19-03:00,0,0
src\lib\Chart.svelte,19,js,3949277b,Gustyper,2025-04-27,21:45:36,-03:00,2025-04-27T21:45:36-03:00,0,39
src\lib\Chart.svelte,20,js,3949277b,Gustyper,2025-04-27,21:45:36,-03:00,2025-04-27T21:45:36-03:00,0,25
src\lib\Chart.svelte,21,js,3949277b,Gustyper,2025-04-27,21:45:36,-03:00,2025-04-27T21:45:36-03:00,0,43
src\lib\Chart.svelte,22,js,0a60557e,JoãoGabriel,2025-04-28,19:45:19,-03:00,2025-04-28T19:45:19-03:00,0,0
src\lib\Chart.svelte,23,js,3949277b,Gustyper,2025-04-27,21:45:36,-03:00,2025-04-27T21:45:36-03:00,0,4
src\lib\Chart.svelte,24,js,84ca51db,JoãoGabriel,2025-04-28,20:07:25,-03:00,2025-04-28T20:07:25-03:00,0,72
src\lib\Chart.svelte,25,js,3949277b,Gustyper,2025-04-27,21:45:36,-03:00,2025-04-27T21:45:36-03:00,0,17
src\lib\Chart.svelte,26,js,3949277b,Gustyper,2025-04-27,21:45:36,-03:00,2025-04-27T21:45:36-03:00,0,34
src\lib\Chart.svelte,27,js,3949277b,Gustyper,2025-04-27,21:45:36,-03:00,2025-04-27T21:45:36-03:00,0,32
src\lib\Chart.svelte,28,js,3949277b,Gustyper,2025-04-27,21:45:36,-03:00,2025-04-27T21:45:36-03:00,0,21
src\lib\Chart.svelte,29,js,3949277b,Gustyper,2025-04-27,21:45:36,-03:00,2025-04-27T21:45:36-03:00,0,0
src\lib\Chart.svelte,30,js,3949277b,Gustyper,2025-04-27,21:45:36,-03:00,2025-04-27T21:45:36-03:00,0,16
src\lib\Chart.svelte,31,js,3949277b,Gustyper,2025-04-27,21:45:36,-03:00,2025-04-27T21:45:36-03:00,0,49
src\lib\Chart.svelte,32,js,3949277b,Gustyper,2025-04-27,21:45:36,-03:00,2025-04-27T21:45:36-03:00,0,0
src\lib\Chart.svelte,33,js,3949277b,Gustyper,2025-04-27,21:45:36,-03:00,2025-04-27T21:45:36-03:00,0,11
src\lib\Chart.svelte,34,js,3949277b,Gustyper,2025-04-27,21:45:36,-03:00,2025-04-27T21:45:36-03:00,0,0
src\lib\Chart.svelte,35,js,3949277b,Gustyper,2025-04-27,21:45:36,-03:00,2025-04-27T21:45:36-03:00,0,0
src\lib\Chart.svelte,36,js,0a60557e,JoãoGabriel,2025-04-28,19:45:19,-03:00,2025-04-28T19:45:19-03:00,0,23
src\lib\Chart.svelte,37,js,0a60557e,JoãoGabriel,2025-04-28,19:45:19,-03:00,2025-04-28T19:45:19-03:00,0,66
src\lib\Chart.svelte,38,js,0a60557e,JoãoGabriel,2025-04-28,19:45:19,-03:00,2025-04-28T19:45:19-03:00,0,31
src\lib\Chart.svelte,39,js,0a60557e,JoãoGabriel,2025-04-28,19:45:19,-03:00,2025-04-28T19:45:19-03:00,0,0
src\lib\Chart.svelte,40,js,0a60557e,JoãoGabriel,2025-04-28,19:45:19,-03:00,2025-04-28T19:45:19-03:00,0,0
src\lib\Chart.svelte,41,js,0a60557e,JoãoGabriel,2025-04-28,19:45:19,-03:00,2025-04-28T19:45:19-03:00,0,25
src\lib\Chart.svelte,42,js,0a60557e,JoãoGabriel,2025-04-28,19:45:19,-03:00,2025-04-28T19:45:19-03:00,0,20
src\lib\Chart.svelte,43,js,0a60557e,JoãoGabriel,2025-04-28,19:45:19,-03:00,2025-04-28T19:45:19-03:00,0,13
src\lib\Chart.svelte,44,js,0a60557e,JoãoGabriel,2025-04-28,19:45:19,-03:00,2025-04-28T19:45:19-03:00,0,0
src\lib\Chart.svelte,45,js,72fff438,Gustyper,2025-04-27,19:14:57,-03:00,2025-04-27T19:14:57-03:00,0,0
src\lib\Chart.svelte,46,js,0a60557e,JoãoGabriel,2025-04-28,19:45:19,-03:00,2025-04-28T19:45:19-03:00,0,24
src\lib\Chart.svelte,47,js,72fff438,Gustyper,2025-04-27,19:14:57,-03:00,2025-04-27T19:14:57-03:00,0,18
src\lib\Chart.svelte,48,js,72fff438,Gustyper,2025-04-27,19:14:57,-03:00,2025-04-27T19:14:57-03:00,0,11
src\lib\Chart.svelte,49,js,72fff438,Gustyper,2025-04-27,19:14:57,-03:00,2025-04-27T19:14:57-03:00,0,4
src\lib\Chart.svelte,50,js,3949277b,Gustyper,2025-04-27,21:45:36,-03:00,2025-04-27T21:45:36-03:00,0,30
src\lib\Chart.svelte,51,js,72fff438,Gustyper,2025-04-27,19:14:57,-03:00,2025-04-27T19:14:57-03:00,0,2
src\lib\Chart.svelte,52,js,3949277b,Gustyper,2025-04-27,21:45:36,-03:00,2025-04-27T21:45:36-03:00,0,59
src\lib\Chart.svelte,53,js,0a60557e,JoãoGabriel,2025-04-28,19:45:19,-03:00,2025-04-28T19:45:19-03:00,0,50
src\lib\Chart.svelte,54,js,0a60557e,JoãoGabriel,2025-04-28,19:45:19,-03:00,2025-04-28T19:45:19-03:00,0,0
src\lib\Chart.svelte,55,js,0a60557e,JoãoGabriel,2025-04-28,19:45:19,-03:00,2025-04-28T19:45:19-03:00,0,47
src\lib\Chart.svelte,56,js,72fff438,Gustyper,2025-04-27,19:14:57,-03:00,2025-04-27T19:14:57-03:00,0,0
src\lib\Chart.svelte,57,js,0a60557e,JoãoGabriel,2025-04-28,19:45:19,-03:00,2025-04-28T19:45:19-03:00,0,17
src\lib\Chart.svelte,58,js,0a60557e,JoãoGabriel,2025-04-28,19:45:19,-03:00,2025-04-28T19:45:19-03:00,0,52
src\lib\Chart.svelte,59,js,0a60557e,JoãoGabriel,2025-04-28,19:45:19,-03:00,2025-04-28T19:45:19-03:00,0,12
src\lib\Chart.svelte,60,js,0a60557e,JoãoGabriel,2025-04-28,19:45:19,-03:00,2025-04-28T19:45:19-03:00,0,14
src\lib\Chart.svelte,61,js,0a60557e,JoãoGabriel,2025-04-28,19:45:19,-03:00,2025-04-28T19:45:19-03:00,0,2
src\lib\Chart.svelte,62,js,0a60557e,JoãoGabriel,2025-04-28,19:45:19,-03:00,2025-04-28T19:45:19-03:00,0,1
src\lib\Chart.svelte,63,js,0a60557e,JoãoGabriel,2025-04-28,19:45:19,-03:00,2025-04-28T19:45:19-03:00,0,0
src\lib\Chart.svelte,64,js,0a60557e,JoãoGabriel,2025-04-28,19:45:19,-03:00,2025-04-28T19:45:19-03:00,0,34
src\lib\Chart.svelte,65,js,0a60557e,JoãoGabriel,2025-04-28,19:45:19,-03:00,2025-04-28T19:45:19-03:00,0,25
src\lib\Chart.svelte,66,js,0a60557e,JoãoGabriel,2025-04-28,19:45:19,-03:00,2025-04-28T19:45:19-03:00,0,34
src\lib\Chart.svelte,67,js,dc3e73c5,Vinasque,2025-04-27,12:57:04,-03:00,2025-04-27T12:57:04-03:00,0,0
src\lib\Chart.svelte,68,js,dc3e73c5,Vinasque,2025-04-27,12:57:04,-03:00,2025-04-27T12:57:04-03:00,0,11
src\lib\Chart.svelte,69,js,dc3e73c5,Vinasque,2025-04-27,12:57:04,-03:00,2025-04-27T12:57:04-03:00,0,21
src\lib\Chart.svelte,70,js,0a60557e,JoãoGabriel,2025-04-28,19:45:19,-03:00,2025-04-28T19:45:19-03:00,0,15
src\lib\Chart.svelte,71,js,0a60557e,JoãoGabriel,2025-04-28,19:45:19,-03:00,2025-04-28T19:45:19-03:00,0,15
src\lib\Chart.svelte,72,js,dc3e73c5,Vinasque,2025-04-27,12:57:04,-03:00,2025-04-27T12:57:04-03:00,0,6
src\lib\Chart.svelte,73,js,dc3e73c5,Vinasque,2025-04-27,12:57:04,-03:00,2025-04-27T12:57:04-03:00,0,0
src\lib\Chart.svelte,74,js,2360e1a4,Gustyper,2025-04-29,03:26:52,-03:00,2025-04-29T03:26:52-03:00,0,14
src\lib\Chart.svelte,75,js,2360e1a4,Gustyper,2025-04-29,03:26:52,-03:00,2025-04-29T03:26:52-03:00,0,37
src\lib\Chart.svelte,76,js,2360e1a4,Gustyper,2025-04-29,03:26:52,-03:00,2025-04-29T03:26:52-03:00,0,64
src\lib\Chart.svelte,77,js,2360e1a4,Gustyper,2025-04-29,03:26:52,-03:00,2025-04-29T03:26:52-03:00,0,22
src\lib\Chart.svelte,78,js,2360e1a4,Gustyper,2025-04-29,03:26:52,-03:00,2025-04-29T03:26:52-03:00,0,40
src\lib\Chart.svelte,79,js,2360e1a4,Gustyper,2025-04-29,03:26:52,-03:00,2025-04-29T03:26:52-03:00,0,7
src\lib\Chart.svelte,80,js,2360e1a4,Gustyper,2025-04-29,03:26:52,-03:00,2025-04-29T03:26:52-03:00,0,18
src\lib\Chart.svelte,81,js,2360e1a4,Gustyper,2025-04-29,03:26:52,-03:00,2025-04-29T03:26:52-03:00,0,6
src\lib\Chart.svelte,82,js,2360e1a4,Gustyper,2025-04-29,03:26:52,-03:00,2025-04-29T03:26:52-03:00,0,24
src\lib\Chart.svelte,83,js,2360e1a4,Gustyper,2025-04-29,03:26:52,-03:00,2025-04-29T03:26:52-03:00,0,39
src\lib\Chart.svelte,84,js,2360e1a4,Gustyper,2025-04-29,03:26:52,-03:00,2025-04-29T03:26:52-03:00,0,5
src\lib\Chart.svelte,85,js,2360e1a4,Gustyper,2025-04-29,03:26:52,-03:00,2025-04-29T03:26:52-03:00,0,0
src\lib\Chart.svelte,86,js,2360e1a4,Gustyper,2025-04-29,03:26:52,-03:00,2025-04-29T03:26:52-03:00,0,37
src\lib\Chart.svelte,87,js,72fff438,Gustyper,2025-04-27,19:14:57,-03:00,2025-04-27T19:14:57-03:00,0,0
src\lib\Chart.svelte,88,svelte,dc3e73c5,Vinasque,2025-04-27,12:57:04,-03:00,2025-04-27T12:57:04-03:00,0,8
src\lib\Chart.svelte,89,svelte,171e7888,Vinasque,2025-04-25,11:20:52,-03:00,2025-04-25T11:20:52-03:00,0,0
src\lib\Chart.svelte,90,svelte,3949277b,Gustyper,2025-04-27,21:45:36,-03:00,2025-04-27T21:45:36-03:00,0,69
src\lib\Chart.svelte,91,svelte,0a60557e,JoãoGabriel,2025-04-28,19:45:19,-03:00,2025-04-28T19:45:19-03:00,0,0
src\lib\Chart.svelte,92,svelte,0a60557e,JoãoGabriel,2025-04-28,19:45:19,-03:00,2025-04-28T19:45:19-03:00,0,5
src\lib\Chart.svelte,93,svelte,0a60557e,JoãoGabriel,2025-04-28,19:45:19,-03:00,2025-04-28T19:45:19-03:00,0,40
src\lib\Chart.svelte,94,svelte,0a60557e,JoãoGabriel,2025-04-28,19:45:19,-03:00,2025-04-28T19:45:19-03:00,0,42
src\lib\Chart.svelte,95,svelte,0a60557e,JoãoGabriel,2025-04-28,19:45:19,-03:00,2025-04-28T19:45:19-03:00,0,4
src\lib\Chart.svelte,96,svelte,0a60557e,JoãoGabriel,2025-04-28,19:45:19,-03:00,2025-04-28T19:45:19-03:00,0,4
src\lib\Chart.svelte,97,svelte,0a60557e,JoãoGabriel,2025-04-28,19:45:19,-03:00,2025-04-28T19:45:19-03:00,0,4
src\lib\Chart.svelte,98,svelte,0a60557e,JoãoGabriel,2025-04-28,19:45:19,-03:00,2025-04-28T19:45:19-03:00,0,24
src\lib\Chart.svelte,99,svelte,0a60557e,JoãoGabriel,2025-04-28,19:45:19,-03:00,2025-04-28T19:45:19-03:00,0,25
src\lib\Chart.svelte,100,svelte,0a60557e,JoãoGabriel,2025-04-28,19:45:19,-03:00,2025-04-28T19:45:19-03:00,0,1
src\lib\Chart.svelte,101,svelte,0a60557e,JoãoGabriel,2025-04-28,19:45:19,-03:00,2025-04-28T19:45:19-03:00,0,10
src\lib\Chart.svelte,102,svelte,0a60557e,JoãoGabriel,2025-04-28,19:45:19,-03:00,2025-04-28T19:45:19-03:00,0,6
src\lib\Chart.svelte,103,svelte,0a60557e,JoãoGabriel,2025-04-28,19:45:19,-03:00,2025-04-28T19:45:19-03:00,0,6
src\lib\Chart.svelte,104,svelte,0a60557e,JoãoGabriel,2025-04-28,19:45:19,-03:00,2025-04-28T19:45:19-03:00,0,0
src\lib\Chart.svelte,105,svelte,0a60557e,JoãoGabriel,2025-04-28,19:45:19,-03:00,2025-04-28T19:45:19-03:00,0,29
src\lib\Chart.svelte,106,svelte,0a60557e,JoãoGabriel,2025-04-28,19:45:19,-03:00,2025-04-28T19:45:19-03:00,0,40
src\lib\Chart.svelte,107,svelte,0a60557e,JoãoGabriel,2025-04-28,19:45:19,-03:00,2025-04-28T19:45:19-03:00,0,1
src\lib\Chart.svelte,108,svelte,0a60557e,JoãoGabriel,2025-04-28,19:45:19,-03:00,2025-04-28T19:45:19-03:00,0,45
src\lib\Chart.svelte,109,svelte,0a60557e,JoãoGabriel,2025-04-28,19:45:19,-03:00,2025-04-28T19:45:19-03:00,0,49
src\lib\Chart.svelte,110,svelte,0a60557e,JoãoGabriel,2025-04-28,19:45:19,-03:00,2025-04-28T19:45:19-03:00,0,35
src\lib\Chart.svelte,111,svelte,0a60557e,JoãoGabriel,2025-04-28,19:45:19,-03:00,2025-04-28T19:45:19-03:00,0,41
src\lib\Chart.svelte,112,svelte,0a60557e,JoãoGabriel,2025-04-28,19:45:19,-03:00,2025-04-28T19:45:19-03:00,0,23
src\lib\Chart.svelte,113,svelte,0a60557e,JoãoGabriel,2025-04-28,19:45:19,-03:00,2025-04-28T19:45:19-03:00,0,44
src\lib\Chart.svelte,114,svelte,0a60557e,JoãoGabriel,2025-04-28,19:45:19,-03:00,2025-04-28T19:45:19-03:00,0,0
src\lib\Chart.svelte,115,svelte,dc3e73c5,Vinasque,2025-04-27,12:57:04,-03:00,2025-04-27T12:57:04-03:00,0,4
src\lib\Chart.svelte,116,svelte,dc3e73c5,Vinasque,2025-04-27,12:57:04,-03:00,2025-04-27T12:57:04-03:00,0,24
src\lib\Chart.svelte,117,svelte,dc3e73c5,Vinasque,2025-04-27,12:57:04,-03:00,2025-04-27T12:57:04-03:00,0,25
src\lib\Chart.svelte,118,svelte,3949277b,Gustyper,2025-04-27,21:45:36,-03:00,2025-04-27T21:45:36-03:00,0,10
src\lib\Chart.svelte,119,svelte,0a60557e,JoãoGabriel,2025-04-28,19:45:19,-03:00,2025-04-28T19:45:19-03:00,0,98
src\lib\Chart.svelte,120,svelte,c1e3393f,JoãoGabriel,2025-04-28,18:40:15,-03:00,2025-04-28T18:40:15-03:00,0,91
src\lib\Chart.svelte,121,svelte,c1e3393f,JoãoGabriel,2025-04-28,18:40:15,-03:00,2025-04-28T18:40:15-03:00,0,33
src\lib\Chart.svelte,122,svelte,dc3e73c5,Vinasque,2025-04-27,12:57:04,-03:00,2025-04-27T12:57:04-03:00,0,1
src\lib\Chart.svelte,123,svelte,0a60557e,JoãoGabriel,2025-04-28,19:45:19,-03:00,2025-04-28T19:45:19-03:00,0,0
src\lib\Chart.svelte,124,svelte,2360e1a4,Gustyper,2025-04-29,03:26:52,-03:00,2025-04-29T03:26:52-03:00,0,5
src\lib\Chart.svelte,125,svelte,2360e1a4,Gustyper,2025-04-29,03:26:52,-03:00,2025-04-29T03:26:52-03:00,0,24
src\lib\Chart.svelte,126,svelte,2360e1a4,Gustyper,2025-04-29,03:26:52,-03:00,2025-04-29T03:26:52-03:00,0,24
src\lib\Chart.svelte,127,svelte,2360e1a4,Gustyper,2025-04-29,03:26:52,-03:00,2025-04-29T03:26:52-03:00,0,25
src\lib\Chart.svelte,128,svelte,2360e1a4,Gustyper,2025-04-29,03:26:52,-03:00,2025-04-29T03:26:52-03:00,0,35
src\lib\Chart.svelte,129,svelte,2360e1a4,Gustyper,2025-04-29,03:26:52,-03:00,2025-04-29T03:26:52-03:00,0,1
src\lib\Chart.svelte,130,svelte,3949277b,Gustyper,2025-04-27,21:45:36,-03:00,2025-04-27T21:45:36-03:00,0,0
src\lib\Chart.svelte,131,svelte,3949277b,Gustyper,2025-04-27,21:45:36,-03:00,2025-04-27T21:45:36-03:00,0,4
src\lib\Chart.svelte,132,svelte,3949277b,Gustyper,2025-04-27,21:45:36,-03:00,2025-04-27T21:45:36-03:00,0,24
src\lib\Chart.svelte,133,svelte,3949277b,Gustyper,2025-04-27,21:45:36,-03:00,2025-04-27T21:45:36-03:00,0,25
src\lib\Chart.svelte,134,svelte,c1e3393f,JoãoGabriel,2025-04-28,18:40:15,-03:00,2025-04-28T18:40:15-03:00,0,115
src\lib\Chart.svelte,135,svelte,c1e3393f,JoãoGabriel,2025-04-28,18:40:15,-03:00,2025-04-28T18:40:15-03:00,0,33
src\lib\Chart.svelte,136,svelte,3949277b,Gustyper,2025-04-27,21:45:36,-03:00,2025-04-27T21:45:36-03:00,0,1
src\lib\Chart.svelte,137,svelte,0a60557e,JoãoGabriel,2025-04-28,19:45:19,-03:00,2025-04-28T19:45:19-03:00,0,0
src\lib\Chart.svelte,138,svelte,0a60557e,JoãoGabriel,2025-04-28,19:45:19,-03:00,2025-04-28T19:45:19-03:00,0,57
src\lib\Chart.svelte,139,svelte,0a60557e,JoãoGabriel,2025-04-28,19:45:19,-03:00,2025-04-28T19:45:19-03:00,0,4
src\lib\Chart.svelte,140,svelte,0a60557e,JoãoGabriel,2025-04-28,19:45:19,-03:00,2025-04-28T19:45:19-03:00,0,26
src\lib\Chart.svelte,141,svelte,0a60557e,JoãoGabriel,2025-04-28,19:45:19,-03:00,2025-04-28T19:45:19-03:00,0,30
src\lib\Chart.svelte,142,svelte,0a60557e,JoãoGabriel,2025-04-28,19:45:19,-03:00,2025-04-28T19:45:19-03:00,0,11
src\lib\Chart.svelte,143,svelte,0a60557e,JoãoGabriel,2025-04-28,19:45:19,-03:00,2025-04-28T19:45:19-03:00,0,13
src\lib\Chart.svelte,144,svelte,0a60557e,JoãoGabriel,2025-04-28,19:45:19,-03:00,2025-04-28T19:45:19-03:00,0,19
src\lib\Chart.svelte,145,svelte,0a60557e,JoãoGabriel,2025-04-28,19:45:19,-03:00,2025-04-28T19:45:19-03:00,0,17
src\lib\Chart.svelte,146,svelte,0a60557e,JoãoGabriel,2025-04-28,19:45:19,-03:00,2025-04-28T19:45:19-03:00,0,46
src\lib\Chart.svelte,147,svelte,0a60557e,JoãoGabriel,2025-04-28,19:45:19,-03:00,2025-04-28T19:45:19-03:00,0,0
src\lib\Chart.svelte,148,svelte,0a60557e,JoãoGabriel,2025-04-28,19:45:19,-03:00,2025-04-28T19:45:19-03:00,0,16
src\lib\Chart.svelte,149,svelte,0a60557e,JoãoGabriel,2025-04-28,19:45:19,-03:00,2025-04-28T19:45:19-03:00,0,6
src\lib\Chart.svelte,150,svelte,0a60557e,JoãoGabriel,2025-04-28,19:45:19,-03:00,2025-04-28T19:45:19-03:00,0,0
src\lib\Chart.svelte,151,svelte,0a60557e,JoãoGabriel,2025-04-28,19:45:19,-03:00,2025-04-28T19:45:19-03:00,0,4
src\lib\Chart.svelte,152,svelte,0a60557e,JoãoGabriel,2025-04-28,19:45:19,-03:00,2025-04-28T19:45:19-03:00,0,26
src\lib\Chart.svelte,153,svelte,0a60557e,JoãoGabriel,2025-04-28,19:45:19,-03:00,2025-04-28T19:45:19-03:00,0,31
src\lib\Chart.svelte,154,svelte,0a60557e,JoãoGabriel,2025-04-28,19:45:19,-03:00,2025-04-28T19:45:19-03:00,0,13
src\lib\Chart.svelte,155,svelte,0a60557e,JoãoGabriel,2025-04-28,19:45:19,-03:00,2025-04-28T19:45:19-03:00,0,12
src\lib\Chart.svelte,156,svelte,0a60557e,JoãoGabriel,2025-04-28,19:45:19,-03:00,2025-04-28T19:45:19-03:00,0,19
src\lib\Chart.svelte,157,svelte,0a60557e,JoãoGabriel,2025-04-28,19:45:19,-03:00,2025-04-28T19:45:19-03:00,0,46
src\lib\Chart.svelte,158,svelte,0a60557e,JoãoGabriel,2025-04-28,19:45:19,-03:00,2025-04-28T19:45:19-03:00,0,0
src\lib\Chart.svelte,159,svelte,0a60557e,JoãoGabriel,2025-04-28,19:45:19,-03:00,2025-04-28T19:45:19-03:00,0,49
src\lib\Chart.svelte,160,svelte,0a60557e,JoãoGabriel,2025-04-28,19:45:19,-03:00,2025-04-28T19:45:19-03:00,0,6
src\lib\Chart.svelte,161,svelte,0a60557e,JoãoGabriel,2025-04-28,19:45:19,-03:00,2025-04-28T19:45:19-03:00,0,4
src\lib\Chart.svelte,162,svelte,dc3e73c5,Vinasque,2025-04-27,12:57:04,-03:00,2025-04-27T12:57:04-03:00,0,3
src\lib\Chart.svelte,163,svelte,dc3e73c5,Vinasque,2025-04-27,12:57:04,-03:00,2025-04-27T12:57:04-03:00,0,6
src\lib\Chart.svelte,164,svelte,0a60557e,JoãoGabriel,2025-04-28,19:45:19,-03:00,2025-04-28T19:45:19-03:00,0,0
src\lib\Chart.svelte,165,svelte,0a60557e,JoãoGabriel,2025-04-28,19:45:19,-03:00,2025-04-28T19:45:19-03:00,0,81
src\lib\Chart.svelte,166,svelte,0a60557e,JoãoGabriel,2025-04-28,19:45:19,-03:00,2025-04-28T19:45:19-03:00,0,11
src\lib\Chart.svelte,167,svelte,0a60557e,JoãoGabriel,2025-04-28,19:45:19,-03:00,2025-04-28T19:45:19-03:00,0,53
src\lib\Chart.svelte,168,svelte,0a60557e,JoãoGabriel,2025-04-28,19:45:19,-03:00,2025-04-28T19:45:19-03:00,0,4
src\lib\Chart.svelte,169,svelte,0a60557e,JoãoGabriel,2025-04-28,19:45:19,-03:00,2025-04-28T19:45:19-03:00,0,28
src\lib\Chart.svelte,170,svelte,0a60557e,JoãoGabriel,2025-04-28,19:45:19,-03:00,2025-04-28T19:45:19-03:00,0,29
src\lib\Chart.svelte,171,svelte,0a60557e,JoãoGabriel,2025-04-28,19:45:19,-03:00,2025-04-28T19:45:19-03:00,0,10
src\lib\Chart.svelte,172,svelte,0a60557e,JoãoGabriel,2025-04-28,19:45:19,-03:00,2025-04-28T19:45:19-03:00,0,15
src\lib\Chart.svelte,173,svelte,0a60557e,JoãoGabriel,2025-04-28,19:45:19,-03:00,2025-04-28T19:45:19-03:00,0,15
src\lib\Chart.svelte,174,svelte,0a60557e,JoãoGabriel,2025-04-28,19:45:19,-03:00,2025-04-28T19:45:19-03:00,0,33
src\lib\Chart.svelte,175,svelte,0a60557e,JoãoGabriel,2025-04-28,19:45:19,-03:00,2025-04-28T19:45:19-03:00,0,1
src\lib\Chart.svelte,176,svelte,0a60557e,JoãoGabriel,2025-04-28,19:45:19,-03:00,2025-04-28T19:45:19-03:00,0,0
src\lib\Chart.svelte,177,svelte,0a60557e,JoãoGabriel,2025-04-28,19:45:19,-03:00,2025-04-28T19:45:19-03:00,0,96
src\lib\Chart.svelte,178,svelte,0a60557e,JoãoGabriel,2025-04-28,19:45:19,-03:00,2025-04-28T19:45:19-03:00,0,4
src\lib\Chart.svelte,179,svelte,0a60557e,JoãoGabriel,2025-04-28,19:45:19,-03:00,2025-04-28T19:45:19-03:00,0,30
src\lib\Chart.svelte,180,svelte,0a60557e,JoãoGabriel,2025-04-28,19:45:19,-03:00,2025-04-28T19:45:19-03:00,0,5
src\lib\Chart.svelte,181,svelte,0a60557e,JoãoGabriel,2025-04-28,19:45:19,-03:00,2025-04-28T19:45:19-03:00,0,11
src\lib\Chart.svelte,182,svelte,0a60557e,JoãoGabriel,2025-04-28,19:45:19,-03:00,2025-04-28T19:45:19-03:00,0,13
src\lib\Chart.svelte,183,svelte,0a60557e,JoãoGabriel,2025-04-28,19:45:19,-03:00,2025-04-28T19:45:19-03:00,0,17
src\lib\Chart.svelte,184,svelte,0a60557e,JoãoGabriel,2025-04-28,19:45:19,-03:00,2025-04-28T19:45:19-03:00,0,19
src\lib\Chart.svelte,185,svelte,0a60557e,JoãoGabriel,2025-04-28,19:45:19,-03:00,2025-04-28T19:45:19-03:00,0,36
src\lib\Chart.svelte,186,svelte,0a60557e,JoãoGabriel,2025-04-28,19:45:19,-03:00,2025-04-28T19:45:19-03:00,0,0
src\lib\Chart.svelte,187,svelte,0a60557e,JoãoGabriel,2025-04-28,19:45:19,-03:00,2025-04-28T19:45:19-03:00,0,17
src\lib\Chart.svelte,188,svelte,0a60557e,JoãoGabriel,2025-04-28,19:45:19,-03:00,2025-04-28T19:45:19-03:00,0,6
src\lib\Chart.svelte,189,svelte,0a60557e,JoãoGabriel,2025-04-28,19:45:19,-03:00,2025-04-28T19:45:19-03:00,0,4
src\lib\Chart.svelte,190,svelte,0a60557e,JoãoGabriel,2025-04-28,19:45:19,-03:00,2025-04-28T19:45:19-03:00,0,3
src\lib\Chart.svelte,191,svelte,0a60557e,JoãoGabriel,2025-04-28,19:45:19,-03:00,2025-04-28T19:45:19-03:00,0,4
src\lib\Chart.svelte,192,svelte,0a60557e,JoãoGabriel,2025-04-28,19:45:19,-03:00,2025-04-28T19:45:19-03:00,0,6
src\lib\Chart.svelte,193,svelte,3949277b,Gustyper,2025-04-27,21:45:36,-03:00,2025-04-27T21:45:36-03:00,0,5
src\lib\Chart.svelte,194,svelte,3949277b,Gustyper,2025-04-27,21:45:36,-03:00,2025-04-27T21:45:36-03:00,0,0
src\lib\Chart.svelte,195,svelte,3949277b,Gustyper,2025-04-27,21:45:36,-03:00,2025-04-27T21:45:36-03:00,0,6
src\lib\Chart.svelte,196,css,3949277b,Gustyper,2025-04-27,21:45:36,-03:00,2025-04-27T21:45:36-03:00,0,4
src\lib\Chart.svelte,197,css,3949277b,Gustyper,2025-04-27,21:45:36,-03:00,2025-04-27T21:45:36-03:00,0,18
src\lib\Chart.svelte,198,css,3949277b,Gustyper,2025-04-27,21:45:36,-03:00,2025-04-27T21:45:36-03:00,0,38
src\lib\Chart.svelte,199,css,0a60557e,JoãoGabriel,2025-04-28,19:45:19,-03:00,2025-04-28T19:45:19-03:00,0,19
src\lib\Chart.svelte,200,css,c1e3393f,JoãoGabriel,2025-04-28,18:40:15,-03:00,2025-04-28T18:40:15-03:00,0,32
src\lib\Chart.svelte,201,css,3949277b,Gustyper,2025-04-27,21:45:36,-03:00,2025-04-27T21:45:36-03:00,0,0
src\lib\Chart.svelte,202,svelte,0a60557e,JoãoGabriel,2025-04-28,19:45:19,-03:00,2025-04-28T19:45:19-03:00,0,7
